Row,Player,Season,Team,Position,GP,TOI,G,A1,A2,PTS,SOG,SA,SAT,xG,SH%_G,SH%_SOG,SH%_SAT,G_SOG,G_SA,G_SAT,HIT,PIM,BLK,GVA,TKA,FOW,FOL,FO_Diff,OZS,DZS
1,A.J. Greer,24-25,FLA,L,81,777.05,6,10,1,17,86,124,162,11.38,6.98,4.84,9.18,30,43,8,218,84,35,23,6,6,-12,16,31,-15
2,Aaron Ekblad,24-25,FLA,D,56,1316.65,3,14,16,33,106,178,291,5.48,2.83,1.69,3.08,64,57,23,89,53,24,15,1,1,-9,0,0,0
3,Aatu Raty,24-25,VAN,C,33,351.68,7,2,2,11,34,47,60,3.99,20.59,14.89,8.49,7,8,2,80,20,7,5,0,0,-2,192,141,51
4,Adam Boqvist,24-25,FLA,D,18,231.17,2,3,1,6,21,30,53,1.08,9.52,6.67,3.6,10,8,4,6,15,3,0,0,0,-3,0,0,0
5,Adam Boqvist,24-25,NYI,D,17,261.35,2,2,4,8,19,29,52,1.13,10.53,6.9,3.9,9,13,0,7,16,2,1,0,0,-1,0,0,0
6,Adam Edstrom,24-25,NYR,C,51,472.95,5,3,1,9,41,60,73,7.61,12.2,8.33,12.68,34,19,7,94,34,6,8,1,1,2,0,4,-4
7,Adam Fantilli,24-25,CBJ,C,82,1433.18,32,13,9,54,192,281,395,20.02,16.67,11.39,7.12,56,89,23,112,98,9,21,0,0,12,420,600,-180
8,Adam Fox,24-25,NYR,D,74,1720.4,10,30,21,61,135,208,339,12.31,7.41,4.81,5.92,108,76,40,40,92,16,12,0,0,-4,0,0,0
9,Adam Gaudette,24-25,OTT,R,81,844.22,19,4,3,26,91,138,192,12.97,20.88,13.77,9.4,28,38,8,68,60,6,3,0,0,-3,176,174,2
10,Adam Henrique,24-25,EDM,C,81,1186.17,12,5,10,27,104,147,181,14.11,11.54,8.16,9.6,85,57,19,58,48,8,4,0,0,-4,562,448,114
11,Adam Klapka,24-25,CGY,R,31,299.22,6,4,0,10,44,59,75,4.77,13.64,10.17,8.08,25,11,6,107,32,7,4,1,1,-3,6,11,-5
12,Adam Larsson,24-25,SEA,D,82,1737.23,7,9,12,28,111,180,263,6.55,6.31,3.89,3.64,147,55,33,104,87,13,4,1,1,-9,0,0,0
13,Adam Lowry,24-25,WPG,C,73,1126.27,16,8,10,34,99,163,196,17.27,16.16,9.82,10.6,60,44,20,140,87,4,7,4,4,3,615,573,42
14,Adam Pelech,24-25,NYI,D,60,1267.78,0,4,16,20,109,182,278,5.2,0,0,2.86,87,58,36,72,120,16,7,0,1,-8,0,0,0
15,Adam Wilsby,24-25,NSH,D,23,416.27,1,1,3,5,34,45,76,1.56,2.94,2.22,3.47,17,24,10,18,42,3,3,0,0,0,0,0,0
16,Adrian Kempe,24-25,L.A,R,81,1551.62,35,27,11,73,236,366,496,28.32,14.83,9.56,7.74,36,78,13,99,57,18,20,0,0,2,11,13,-2
17,Akil Thomas,24-25,L.A,C,25,247.85,1,1,1,3,20,27,36,3.01,5,3.7,11.15,12,5,1,42,31,1,2,1,1,1,18,23,-5
18,Albert Johansson,24-25,DET,D,61,998.02,3,2,4,9,48,73,130,1.92,6.25,4.11,2.63,83,54,15,70,118,10,10,0,0,0,0,0,0
19,Alec Martinez,24-25,CHI,D,44,824.05,5,0,7,12,38,68,116,1.7,13.16,7.35,2.5,81,41,9,24,64,4,0,0,0,-4,0,0,0
20,Aleksander Barkov,24-25,FLA,C,67,1357.28,20,27,24,71,148,234,301,21.34,13.51,8.55,9.12,54,52,34,87,63,8,13,0,0,5,580,446,134
21,Alex Alexeyev,24-25,WSH,D,8,128.57,0,0,0,0,7,12,15,0.15,0,0,1.25,14,7,2,9,16,0,0,0,0,0,0,0,0
22,Alex Carrier,24-25,MTL,D,51,1062.72,2,7,8,17,59,84,125,2.55,3.39,2.38,3.04,120,38,9,44,131,14,5,0,0,-9,0,0,0
23,Alex Carrier,24-25,NSH,D,28,563.65,1,4,2,7,23,37,57,1.36,4.35,2.7,3.68,49,26,13,31,69,6,9,0,0,3,0,0,0
24,Alex Debrincat,24-25,DET,R,82,1464.93,39,23,8,70,244,358,456,32.33,15.98,10.89,9.03,38,71,29,33,96,12,26,1,1,14,26,32,-6
25,Alex Holtz,24-25,VGK,R,53,614,4,4,4,12,69,110,136,7.99,5.8,3.64,7.26,15,35,3,39,61,5,4,0,0,-1,3,10,-7
26,Alex Iafallo,24-25,WPG,L,82,1089.05,15,12,4,31,109,156,189,14.45,13.76,9.62,9.26,61,30,26,53,35,5,7,1,1,2,12,13,-1
27,Alex Kerfoot,24-25,UTA,C,81,1235.53,11,12,5,28,98,146,175,15.88,11.22,7.53,10.88,67,78,30,58,120,7,16,0,0,9,259,234,25
28,Alex Killorn,24-25,ANA,L,82,1416.63,19,11,7,37,133,203,287,16.1,14.29,9.36,7.93,23,62,11,77,71,15,14,0,0,-1,8,13,-5
29,Alex Laferriere,24-25,L.A,R,77,1272.95,19,15,8,42,193,300,384,23.96,9.84,6.33,7.99,43,48,14,124,104,10,14,0,0,4,36,61,-25
30,Alex Newhook,24-25,MTL,C,82,1240.83,15,6,5,26,118,197,264,18.5,12.71,7.61,9.39,32,38,15,89,103,12,10,0,0,-2,239,319,-80
31,Alex Ovechkin,24-25,WSH,L,65,1152.08,44,19,10,73,236,355,508,30.44,18.64,12.39,8.57,13,47,12,110,28,7,3,0,0,-4,0,2,-2
32,Alex Petrovic,24-25,DAL,D,5,70.53,0,0,0,0,5,10,16,0.3,0,0,3,6,5,1,10,6,2,0,0,0,-2,0,0,0
33,Alex Pietrangelo,24-25,VGK,D,71,1590.55,4,14,15,33,123,202,291,7,3.25,1.98,3.47,139,106,25,41,100,8,8,0,0,0,0,0,0
34,Alex Romanov,24-25,NYI,D,64,1427.63,4,8,8,20,99,145,252,3.76,4.04,2.76,2.59,165,81,24,148,159,10,10,0,0,0,0,0,0
35,Alex Steeves,24-25,TOR,C,7,69.23,1,0,1,2,7,11,12,0.98,14.29,9.09,8.91,1,0,0,19,11,0,1,0,0,1,0,0,0
36,Alex Texier,24-25,STL,C,31,387.12,6,4,1,11,50,71,89,5.27,12,8.45,7.42,11,13,5,20,15,5,4,0,0,-1,0,2,-2
37,Alex Tuch,24-25,BUF,R,82,1578.85,36,15,16,67,197,314,392,30.57,18.27,11.46,9.74,113,75,46,73,54,16,10,3,3,-6,77,111,-34
38,Alex Turcotte,24-25,L.A,C,68,797.57,9,11,5,25,79,121,148,11.4,11.39,7.44,9.42,30,39,9,46,100,10,6,0,0,-4,54,67,-13
39,Alex Vlasic,24-25,CHI,D,82,1907.55,4,12,14,30,103,149,211,4.19,3.88,2.68,2.81,157,97,53,59,151,6,7,0,0,1,0,0,0
40,Alex Wennberg,24-25,S.J,C,77,1452,10,13,12,35,82,123,182,12.19,12.2,8.13,9.91,80,41,38,30,68,7,20,0,0,13,508,562,-54
41,Alexei Toropchenko,24-25,STL,R,80,999.4,4,6,8,18,90,123,171,10.12,4.44,3.25,8.23,53,24,6,223,97,10,8,1,2,-1,4,5,-1
42,Alexis Lafrenière,24-25,NYR,L,82,1394.45,17,21,7,45,153,239,302,18.57,11.11,7.11,7.77,27,46,25,120,85,14,13,0,0,-1,13,26,-13
43,Aliaksei Protas,24-25,WSH,C,76,1250.67,30,25,11,66,141,217,249,21.78,21.28,13.82,10.04,33,56,19,20,81,10,16,0,0,6,6,19,-13
44,Anders Lee,24-25,NYI,L,82,1398.93,29,16,9,54,233,337,392,39.03,12.45,8.61,11.58,39,67,12,120,86,15,11,1,1,-4,12,15,-3
45,Andre Burakovsky,24-25,SEA,L,79,1139.37,10,18,9,37,116,169,220,12.1,8.62,5.92,7.16,27,38,18,33,96,6,13,0,0,7,3,3,0
46,Andre Lee,24-25,L.A,L,19,173.72,1,2,0,3,16,23,30,2.16,6.25,4.35,9.39,10,8,4,35,33,3,4,1,1,1,0,0,0
47,Andreas Athanasiou,24-25,CHI,C,8,80.22,1,0,0,1,8,12,15,1.06,12.5,8.33,8.83,6,2,2,6,1,0,0,0,0,0,26,30,-4
48,Andreas Englund,24-25,L.A,D,11,113.78,1,0,0,1,4,6,7,0.07,25,16.67,1.17,7,8,1,21,13,1,0,2,2,-1,0,0,0
49,Andreas Englund,24-25,NSH,D,24,350.33,0,1,1,2,13,20,36,0.39,0,0,1.95,33,15,5,58,29,3,1,4,4,-2,0,0,0
51,Andrei Kuzmenko,24-25,L.A,L,22,363.28,5,8,4,17,30,56,75,5.34,16.67,8.93,9.54,11,21,7,8,29,1,5,0,0,4,0,0,0
52,Andrei Kuzmenko,24-25,PHI,L,7,119.98,2,1,2,5,13,18,21,1.84,15.38,11.11,10.22,2,9,1,3,6,0,2,0,0,2,0,0,0
53,Andrei Svechnikov,24-25,CAR,R,72,1232.2,20,18,10,48,179,276,377,28.49,11.17,7.25,10.32,22,99,17,148,80,27,24,1,1,-3,1,3,-2
54,Andrew Copp,24-25,DET,C,56,823.33,10,10,3,23,68,99,119,12.68,14.71,10.1,12.81,35,37,18,9,38,4,4,0,0,0,317,310,7
55,Andrew Mangiapane,24-25,WSH,L,81,1055.13,14,9,5,28,95,141,183,15.58,14.74,9.93,11.05,30,49,11,74,53,12,18,0,0,6,5,7,-2
56,Andrew Peeke,24-25,BOS,D,76,1414.67,1,9,7,17,80,127,205,3.44,1.25,0.79,2.71,126,98,15,105,166,5,2,1,1,-3,0,0,0
57,Angus Crookshank,24-25,OTT,L,8,78.67,0,1,0,1,9,12,21,1.03,0,0,8.58,4,6,0,11,12,0,1,0,0,1,1,2,-1
58,Anthony Beauvillier,24-25,PIT,L,63,819.17,13,3,4,20,118,165,212,14.77,11.02,7.88,8.95,25,21,15,108,60,7,15,0,0,8,4,7,-3
59,Anthony Beauvillier,24-25,WSH,L,18,223.63,2,1,2,5,29,43,52,3.51,6.9,4.65,8.16,10,8,0,31,18,0,1,0,0,1,7,6,1
60,Anthony Cirelli,24-25,T.B,C,80,1495.23,27,16,16,59,161,234,292,28.36,16.77,11.54,12.12,72,66,21,25,90,14,23,0,0,9,647,645,2
61,Anthony Duclair,24-25,NYI,L,44,661.37,7,4,0,11,61,89,121,7.23,11.48,7.87,8.12,21,43,9,26,40,5,10,0,0,5,0,1,-1
62,Anthony Mantha,24-25,CGY,R,13,180.73,4,2,1,7,15,28,35,2.44,26.67,14.29,8.71,8,7,3,15,8,3,1,1,1,-2,3,6,-3
63,Anthony Richard,24-25,PHI,C,15,185.45,2,4,0,6,19,31,36,1.58,10.53,6.45,5.1,8,6,3,8,9,0,2,0,0,2,0,2,-2
64,Anton Lundell,24-25,FLA,C,79,1320.28,17,19,9,45,157,237,316,18.93,10.83,7.17,7.99,54,60,27,110,84,13,16,0,0,3,542,481,61
65,Anze Kopitar,24-25,L.A,C,81,1535.42,21,29,17,67,97,146,197,16.25,21.65,14.38,11.13,67,65,30,31,48,2,12,0,0,10,879,658,221
66,Arber Xhekaj,24-25,MTL,D,70,1023.68,1,2,3,6,69,108,175,3.32,1.45,0.93,3.07,63,59,16,180,79,29,12,6,6,-17,0,0,0
67,Arshdeep Bains,24-25,VAN,L,13,136.55,1,0,0,1,8,12,16,1.31,12.5,8.33,10.92,7,4,1,17,7,0,0,0,0,0,3,1,2
68,Artem Zub,24-25,OTT,D,56,1155.47,2,4,7,13,57,83,136,3.12,3.51,2.41,3.76,118,50,19,57,77,17,12,0,0,-5,0,0,0
69,Artemi Panarin,24-25,NYR,L,80,1574.65,37,27,24,88,236,397,585,26.93,15.68,9.32,6.78,11,97,25,18,44,8,12,0,0,4,0,1,-1
70,Arthur Kaliyev,24-25,NYR,R,14,156.95,3,1,0,4,21,27,35,1.54,14.29,11.11,5.7,2,4,0,7,10,1,0,0,0,-1,0,0,0
71,Artturi Lehkonen,24-25,COL,L,69,1406.33,27,11,7,45,148,233,292,29.16,18.24,11.59,12.52,39,55,12,33,74,17,11,0,0,-6,7,9,-2
72,Artyom Levshunov,24-25,CHI,D,18,365.68,0,3,3,6,21,35,66,1.13,0,0,3.23,20,26,4,19,37,4,0,0,0,-4,0,0,0
73,Austin Watson,24-25,DET,L,13,102.1,3,0,0,3,13,18,23,1.07,23.08,16.67,5.94,2,5,1,36,15,1,0,1,1,-1,2,1,1
74,Auston Matthews,24-25,TOR,C,67,1371.63,33,27,18,78,260,388,479,40.71,12.69,8.51,10.49,89,62,29,45,38,10,17,0,0,7,695,528,167
75,Barclay Goodrow,24-25,S.J,C,77,1061.33,5,2,1,8,73,110,141,8.92,6.85,4.55,8.11,60,54,26,149,66,20,9,7,7,-11,108,144,-36
76,Barrett Hayton,24-25,UTA,C,82,1320.32,20,13,13,46,152,244,304,30.36,13.16,8.2,12.44,44,46,16,31,104,15,21,1,1,6,555,464,91
77,Beck Malenstyn,24-25,BUF,L,76,800.22,4,5,1,10,67,105,133,6.67,5.97,3.81,6.35,63,39,10,189,101,12,18,1,1,6,19,15,4
78,Ben Chiarot,24-25,DET,D,81,1719.82,4,7,2,13,109,162,261,4.15,3.67,2.47,2.56,142,86,26,127,139,27,17,1,1,-10,0,0,0
79,Ben Hutton,24-25,VGK,D,11,145.57,0,1,1,2,11,20,28,0.41,0,0,2.05,19,4,0,10,25,0,0,0,0,0,0,0,0
80,Ben Jones,24-25,MIN,C,26,217.93,0,0,0,0,25,41,52,1.92,0,0,4.68,11,9,2,51,17,0,2,2,2,2,12,13,-1
81,Ben Meyers,24-25,SEA,C,8,66.82,0,0,0,0,4,5,10,0.46,0,0,9.2,1,1,1,9,7,1,0,0,0,-1,24,25,-1
82,Blake Coleman,24-25,CGY,C/L,82,1450.13,15,16,8,39,193,292,382,27.12,7.77,5.14,9.29,66,78,31,176,66,18,12,0,0,-6,38,41,-3
83,Blake Lizotte,24-25,PIT,C,59,750.63,11,6,3,20,52,79,103,6.82,21.15,13.92,8.63,29,36,10,60,74,13,4,0,0,-9,177,169,8
84,Bo Horvat,24-25,NYI,C,81,1634.02,28,19,10,57,243,360,449,30.45,11.52,7.78,8.46,40,91,22,100,66,8,11,0,0,3,766,553,213
85,Bobby Brink,24-25,PHI,R,79,1171.63,12,15,14,41,105,159,214,15.14,11.43,7.55,9.52,30,58,21,97,78,11,9,0,0,-2,17,40,-23
86,Bobby McMann,24-25,TOR,C,74,1072.75,20,7,7,34,169,235,289,16.7,11.83,8.51,7.11,23,33,16,136,65,11,9,1,1,-2,4,17,-13
87,Bokondji Imama,24-25,PIT,L,16,90.65,1,0,0,1,10,12,13,0.34,10,8.33,2.83,7,3,0,45,7,5,0,2,2,-5,0,0,0
88,Boone Jenner,24-25,CBJ,C,26,467.63,7,6,6,19,71,109,122,12.89,9.86,6.42,11.83,18,24,4,43,14,2,7,0,0,5,105,100,5
89,Bowen Byram,24-25,BUF,D,82,1861.27,7,14,17,38,94,144,209,8.39,7.45,4.86,5.83,116,84,15,74,146,18,11,0,0,-7,0,0,0
90,Brad Lambert,24-25,WPG,C,5,58.03,0,0,1,1,1,4,9,0.18,0,0,4.5,4,1,0,5,4,1,0,0,0,-1,5,10,-5
91,Brad Marchand,24-25,BOS,L,61,1125.68,21,16,10,47,173,250,339,27.84,12.14,8.4,11.14,27,71,19,66,50,26,31,0,0,5,5,7,-2
92,Brad Marchand,24-25,FLA,L,10,176.22,2,2,0,4,19,29,39,2.02,10.53,6.9,6.97,7,15,2,15,6,1,1,0,0,0,0,1,-1
93,Braden Schneider,24-25,NYR,D,80,1429.35,6,6,9,21,95,140,224,3.65,6.32,4.29,2.61,145,96,19,146,214,9,7,0,0,-2,0,0,0
94,Brady Skjei,24-25,NSH,D,82,1795.07,10,10,13,33,156,216,324,7.15,6.41,4.63,3.31,93,101,32,51,89,21,10,0,0,-11,0,0,0
95,Brady Tkachuk,24-25,OTT,L,72,1313.08,29,15,10,54,295,421,506,38.09,9.83,6.89,9.05,33,48,19,228,66,39,31,5,5,-8,178,169,9
96,Brandon Carlo,24-25,BOS,D,63,1183.5,1,1,7,9,65,102,161,2.56,1.54,0.98,2.51,119,82,14,64,92,12,6,0,0,-6,0,0,0
97,Brandon Carlo,24-25,TOR,D,20,384.22,0,0,3,3,13,27,42,0.4,0,0,1.48,38,25,7,26,54,4,0,1,1,-4,0,0,0
98,Brandon Duhaime,24-25,WSH,R,82,1094.18,9,7,5,21,83,137,176,14.02,10.84,6.57,10.23,66,38,12,165,96,14,15,10,10,1,18,25,-7
99,Brandon Hagel,24-25,T.B,L,82,1700.92,35,34,21,90,226,319,444,34.14,15.49,10.97,10.7,60,96,30,59,137,24,27,0,0,3,8,15,-7
151,Chandler Stephenson,24-25,SEA,C,78,1521.73,13,18,20,51,72,104,130,8.02,18.06,12.5,7.71,50,58,30,33,63,12,15,0,0,3,759,716,43
152,Charlie Coyle,24-25,BOS,C,64,1129.23,15,3,4,22,92,144,187,12.51,16.3,10.42,8.69,49,42,38,92,24,9,14,0,0,5,266,275,-9
153,Charlie Coyle,24-25,COL,C,19,281.33,2,7,4,13,23,31,36,3.16,8.7,6.45,10.19,12,12,4,15,16,3,1,0,0,-2,108,121,-13
154,Charlie McAvoy,24-25,BOS,D,50,1184.83,7,7,9,23,99,141,205,5.96,7.07,4.96,4.23,81,72,26,89,122,23,14,0,0,-9,0,0,0
155,Chris Kreider,24-25,NYR,L,68,1139.28,22,3,5,30,151,215,260,23.84,14.57,10.23,11.09,26,39,9,79,27,12,4,0,0,-8,27,41,-14
156,Chris Tanev,24-25,TOR,D,75,1481.2,3,7,8,18,43,66,120,1.58,6.98,4.55,2.39,190,80,10,20,157,12,10,0,0,-2,0,0,0
157,Chris Wagner,24-25,COL,R,28,198.67,1,0,0,1,28,40,47,2.42,3.57,2.5,6.05,13,4,1,57,18,2,4,2,2,2,48,60,-12
158,Christian Dvorak,24-25,MTL,C,82,1249.98,12,15,6,33,104,167,221,16.8,11.54,7.19,10.06,74,66,18,44,84,8,11,0,0,3,591,469,122
159,Christian Fischer,24-25,DET,R,45,501.6,1,3,4,8,30,47,65,3.64,3.33,2.13,7.74,19,14,4,88,34,3,8,1,1,5,9,7,2
160,Claude Giroux,24-25,OTT,R,81,1474.63,15,21,14,50,139,190,238,13.95,10.79,7.89,7.34,41,66,19,64,37,9,13,0,0,4,600,376,224
161,Clayton Keller,24-25,UTA,R,81,1548.57,30,25,35,90,218,333,445,28.64,13.76,9.01,8.6,30,79,27,11,77,14,27,0,0,13,10,20,-10
162,Cody Ceci,24-25,DAL,D,31,627.32,0,3,6,9,31,49,86,1.24,0,0,2.53,55,24,7,24,61,5,5,0,0,0,0,0,0
163,Cody Ceci,24-25,S.J,D,54,1175.68,4,3,8,15,60,81,135,2.16,6.67,4.94,2.67,100,53,16,51,74,7,5,0,0,-2,0,0,0
164,Cody Glass,24-25,N.J,C,14,203.3,2,3,2,7,13,27,36,2.37,15.38,7.41,8.78,7,10,1,10,19,2,1,0,0,-1,64,71,-7
165,Cody Glass,24-25,PIT,C,51,683.97,4,9,2,15,77,112,152,8.02,5.19,3.57,7.16,31,22,11,43,48,6,7,0,0,1,178,160,18
166,Cole Caufield,24-25,MTL,R,82,1482.23,37,22,11,70,238,350,430,29.69,15.55,10.57,8.48,31,56,23,65,66,7,19,0,0,12,6,9,-3
167,Cole Koepke,24-25,BOS,L,73,820.85,10,5,2,17,85,129,162,11.53,11.76,7.75,8.94,26,33,8,177,74,6,8,1,1,2,0,2,-2
168,Cole Perfetti,24-25,WPG,C,82,1245.5,18,18,14,50,140,224,284,21.02,12.86,8.04,9.38,45,55,20,71,83,10,9,0,0,-1,21,46,-25
169,Cole Reinhardt,24-25,OTT,L,17,139.43,1,1,0,2,13,17,22,1.27,7.69,5.88,7.47,2,7,1,37,13,5,1,1,1,-4,1,0,1
170,Cole Schwindt,24-25,VGK,R,42,388.77,1,2,5,8,32,51,68,4.58,3.12,1.96,8.98,17,21,6,41,37,0,9,0,0,9,111,107,4
171,Cole Sillinger,24-25,CBJ,C,66,1116.3,11,14,8,33,129,181,231,13.23,8.53,6.08,7.31,36,50,21,73,84,10,10,1,0,-1,301,349,-48
172,Cole Smith,24-25,NSH,L/R,71,966.15,4,4,4,12,69,101,140,8.85,5.8,3.96,8.76,29,41,18,162,116,12,15,7,6,2,9,8,1
173,Colin Blackwell,24-25,DAL,C,63,728.45,6,7,4,17,63,86,129,6.48,9.52,6.98,7.53,23,34,15,84,66,8,14,0,1,7,151,157,-6
174,Colin Miller,24-25,WPG,D,60,871.08,4,6,5,15,68,108,188,2.56,5.88,3.7,2.37,50,53,12,84,108,14,13,0,0,-1,0,0,0
175,Collin Graf,24-25,S.J,R,33,523.37,5,4,2,11,40,55,64,4.71,12.5,9.09,8.56,15,15,7,20,19,4,3,0,0,-1,4,8,-4
176,Colton Dach,24-25,CHI,C,25,303.2,2,2,3,7,27,39,47,4.9,7.41,5.13,12.56,12,12,13,86,27,6,7,1,1,1,7,5,2
177,Colton Parayko,24-25,STL,D,64,1520.17,16,10,10,36,125,178,251,8.01,12.8,8.99,4.5,149,86,27,93,126,4,5,0,0,1,0,0,0
178,Colton Sissons,24-25,NSH,C,72,1033.85,7,11,3,21,82,123,151,10.57,8.54,5.69,8.59,67,32,20,99,63,11,9,0,0,-2,342,281,61
179,Connor Bedard,24-25,CHI,C,82,1663.42,23,28,16,67,195,288,402,21.28,11.79,7.99,7.39,37,90,26,47,58,25,15,0,0,-10,251,406,-155
180,Connor Brown,24-25,EDM,R,82,1148.8,13,7,10,30,123,171,212,14.71,10.57,7.6,8.6,37,55,26,19,72,5,4,0,0,-1,16,28,-12
181,Connor Clifton,24-25,BUF,D,73,1171.08,1,6,9,16,63,103,179,3.1,1.59,0.97,3.01,116,67,26,207,150,20,9,1,1,-11,0,0,0
182,Connor Dewar,24-25,PIT,C,17,245.65,4,0,3,7,27,34,51,3.85,14.81,11.76,11.32,19,17,2,49,17,2,4,1,1,2,1,2,-1
183,Connor Dewar,24-25,TOR,C,31,309.12,0,1,2,3,28,38,53,4.03,0,0,10.61,18,19,4,80,31,0,4,1,1,4,52,69,-17
184,Connor McDavid,24-25,EDM,C,67,1476.1,26,50,24,100,197,282,370,29.74,13.2,9.22,10.55,17,74,32,40,63,11,22,1,0,10,370,406,-36
185,Connor McMichael,24-25,WSH,C,82,1378.3,26,13,18,57,178,257,322,28.48,14.61,10.12,11.08,36,68,20,39,64,17,10,1,1,-7,51,58,-7
186,Connor Murphy,24-25,CHI,D,68,1401.82,2,3,14,19,84,118,193,4.19,2.38,1.69,3.55,160,64,17,117,131,22,16,2,2,-6,0,0,0
187,Connor Zary,24-25,CGY,C,54,868,13,5,9,27,110,161,211,14.9,11.82,8.07,9.25,26,40,10,26,72,7,9,0,1,3,90,151,-61
188,Conor Garland,24-25,VAN,R,81,1510.85,19,20,10,49,172,271,356,23.63,11.05,7.01,8.72,58,63,20,49,100,16,27,2,3,12,5,13,-8
189,Conor Geekie,24-25,T.B,C,52,640.92,8,4,2,14,58,89,123,6.88,13.79,8.99,7.73,25,29,8,97,80,8,12,0,1,5,73,99,-26
190,Conor Sheary,24-25,T.B,L,5,56.67,0,0,0,0,3,5,8,0.73,0,0,14.6,1,0,0,2,5,2,2,0,0,0,0,1,-1
191,Conor Timmins,24-25,PIT,D,17,318.3,1,3,3,7,18,30,57,0.8,5.56,3.33,2.67,13,15,1,15,26,3,2,0,0,-1,0,0,0
192,Conor Timmins,24-25,TOR,D,51,832.4,2,3,3,8,51,80,132,2.19,3.92,2.5,2.74,77,44,10,40,103,12,5,0,0,-7,0,0,0
193,Corey Perry,24-25,EDM,R,81,966.9,19,6,5,30,99,153,200,17.84,19.19,12.42,11.66,26,44,13,36,72,13,21,5,5,8,17,16,1
194,Corey Schueneman,24-25,STL,D,4,56.2,0,0,0,0,4,6,9,0.11,0,0,1.83,7,2,0,1,5,0,0,0,0,0,0,0,0
195,Craig Smith,24-25,CHI,C,40,466.22,9,6,1,16,73,97,122,5.56,12.33,9.28,5.73,20,26,10,30,24,9,6,0,0,-3,7,13,-6
196,Craig Smith,24-25,DET,C,19,202.77,0,1,1,2,16,32,46,1.87,0,0,5.84,11,12,6,26,16,3,0,0,0,-3,1,2,-1
197,Curtis Lazar,24-25,N.J,C,48,507.22,2,2,1,5,26,39,50,2.63,7.69,5.13,6.74,17,11,3,105,45,7,7,0,0,0,205,195,10
198,Cutter Gauthier,24-25,ANA,L,82,1160.73,20,13,10,43,190,306,410,19.84,10.53,6.54,6.48,51,81,22,68,76,10,13,0,0,3,21,35,-14
199,Dakota Joshua,24-25,VAN,C,57,738.77,7,5,2,14,52,84,109,10.41,13.46,8.33,12.39,29,36,12,193,67,9,5,2,2,-4,23,19,4
201,Damon Severson,24-25,CBJ,D,70,1333.83,6,13,6,25,91,133,197,7.15,6.59,4.51,5.38,104,85,28,43,54,21,10,1,1,-11,0,0,0
202,Daniel Sprong,24-25,N.J,R,11,137.33,0,2,0,2,24,34,50,1.51,0,0,4.44,4,5,1,21,12,0,0,0,0,0,0,1,-1
203,Daniel Sprong,24-25,SEA,R,10,123.68,1,0,1,2,12,23,33,1.41,8.33,4.35,6.13,0,3,2,6,9,0,2,0,0,2,0,1,-1
204,Daniel Sprong,24-25,VAN,R,9,104.9,1,2,0,3,19,23,29,0.66,5.26,4.35,2.87,0,6,1,5,6,1,0,0,0,-1,0,2,-2
205,Daniil Miromanov,24-25,CGY,D,44,777.9,2,3,4,9,52,75,143,2.13,3.85,2.67,2.84,55,42,11,20,57,6,2,0,0,-4,0,0,0
206,Danil Gushchin,24-25,S.J,L,12,147.6,0,1,0,1,16,28,41,2.3,0,0,8.21,6,1,0,6,8,3,2,0,0,-1,1,0,1
207,Dante Fabbro,24-25,CBJ,D,62,1342.35,9,5,12,26,82,130,205,2.58,10.98,6.92,1.98,136,66,23,66,140,20,13,0,0,-7,0,0,0
208,Dante Fabbro,24-25,NSH,D,6,78.55,0,0,0,0,7,9,14,0.19,0,0,2.11,7,12,1,1,5,0,0,0,0,0,0,0,0
209,Danton Heinen,24-25,PIT,L,28,350.87,3,5,3,11,36,52,63,4.81,8.33,5.77,9.25,12,22,8,31,15,0,1,0,0,1,4,9,-5
210,Danton Heinen,24-25,VAN,L,51,711.08,6,4,8,18,44,68,102,6.07,13.64,8.82,8.93,25,26,11,50,42,8,5,1,1,-3,14,19,-5
211,Darnell Nurse,24-25,EDM,D,76,1700.18,5,16,12,33,188,271,393,7.56,2.66,1.85,2.79,136,69,16,160,72,21,9,4,4,-12,0,0,0
212,Darren Raddysh,24-25,T.B,D,73,1262.95,6,12,19,37,109,183,283,5.59,5.5,3.28,3.05,68,55,10,38,114,7,6,0,0,-1,0,0,0
213,David Gustafsson,24-25,WPG,C,36,323.3,2,2,2,6,30,46,58,3.66,6.67,4.35,7.96,18,7,2,19,52,1,1,1,1,0,99,99,0
214,David Jiricek,24-25,CBJ,D,6,67.18,0,0,1,1,5,7,13,0.15,0,0,2.14,4,4,1,6,8,2,3,0,0,1,0,0,0
215,David Jiricek,24-25,MIN,D,6,78.23,1,1,0,2,4,9,12,0.49,25,11.11,5.44,3,11,2,6,10,1,0,0,0,-1,0,0,0
216,David Kampf,24-25,TOR,C,59,731.18,5,7,1,13,45,68,81,6.16,11.11,7.35,9.06,26,30,17,50,47,7,7,0,0,0,278,265,13
217,David Pastrnak,24-25,BOS,R,82,1655.27,43,45,18,106,319,444,624,35.65,13.48,9.68,8.03,24,118,40,58,88,21,35,0,0,14,3,5,-2
218,David Perron,24-25,OTT,L,43,602.87,9,4,3,16,71,99,135,8.94,12.68,9.09,9.03,9,25,13,71,31,6,6,0,0,0,6,13,-7
219,David Savard,24-25,MTL,D,75,1244.2,1,5,9,15,48,73,113,1.81,2.08,1.37,2.48,180,51,18,55,71,13,9,0,0,-4,0,0,0
220,Dawson Mercer,24-25,N.J,C,82,1466.45,19,12,5,36,142,208,280,24.21,13.38,9.13,11.64,60,56,18,41,89,8,6,0,0,-2,96,141,-45
221,Declan Chisholm,24-25,MIN,D,66,1121.52,2,6,4,12,69,95,161,2.11,2.9,2.11,2.22,69,83,27,33,112,6,2,0,0,-4,0,0,0
222,Dennis Cholowski,24-25,N.J,D,6,87.58,0,0,0,0,4,8,14,0.1,0,0,1.25,3,5,0,0,5,0,0,0,0,0,0,0,0
223,Dennis Cholowski,24-25,NYI,D,33,422.17,3,2,5,10,26,36,61,0.98,11.54,8.33,2.72,30,33,8,5,26,5,0,0,0,-5,0,0,0
224,Dennis Gilbert,24-25,BUF,D,25,251.75,0,1,4,5,5,13,21,0.3,0,0,2.31,29,9,4,52,35,10,6,4,4,-4,0,0,0
225,Dennis Gilbert,24-25,OTT,D,4,52.1,0,1,0,1,4,4,9,0.1,0,0,2.5,7,4,2,11,6,0,1,0,0,1,0,0,0
226,Denton Mateychuk,24-25,CBJ,D,45,811.58,4,7,2,13,44,71,110,2.77,9.09,5.63,3.9,63,35,19,26,114,10,6,0,0,-4,0,0,0
227,Derek Forbort,24-25,VAN,D,54,923.63,2,4,5,11,39,66,115,1.34,5.13,3.03,2.03,77,55,8,65,90,15,13,3,3,-2,0,0,0
228,Derek Ryan,24-25,EDM,C,36,336.82,1,2,3,6,19,30,41,2.47,5.26,3.33,8.23,21,11,9,25,29,6,2,0,0,-4,151,99,52
229,Devin Shore,24-25,MIN,C,55,475.85,1,2,2,5,40,60,76,4.09,2.5,1.67,6.82,37,14,7,76,48,3,4,0,0,1,51,52,-1
230,Devon Toews,24-25,COL,D,76,1868.8,10,14,20,44,138,216,342,7.73,7.25,4.63,3.58,103,81,35,40,50,13,11,0,0,-2,0,0,0
231,Dmitri Voronkov,24-25,CBJ,L,73,1225.45,22,14,10,46,154,231,260,27.05,14.29,9.52,11.71,47,58,11,71,33,15,4,1,1,-11,37,51,-14
232,Dmitry Kulikov,24-25,FLA,D,70,1348.78,4,2,7,13,64,101,173,3.39,6.25,3.96,3.36,71,78,32,114,99,14,11,0,0,-3,0,0,0
233,Dmitry Orlov,24-25,CAR,D,76,1519.73,6,10,12,28,117,197,310,6.7,5.13,3.05,3.4,60,98,21,101,76,12,12,0,0,0,0,0,0
234,Dominik Shine,24-25,DET,R,9,77.8,0,0,1,1,5,6,8,0.5,0,0,8.33,3,5,3,16,10,0,2,1,1,2,0,0,0
235,Dougie Hamilton,24-25,N.J,D,64,1270.77,9,14,17,40,186,278,424,11.14,4.84,3.24,4.01,85,94,20,72,66,15,7,0,0,-8,0,0,0
236,Drake Batherson,24-25,OTT,R,82,1487.68,26,27,15,68,190,282,353,23.89,13.68,9.22,8.47,30,52,23,148,69,15,22,0,0,7,12,12,0
237,Drake Caggiula,24-25,EDM,L,7,51.1,0,1,0,1,6,7,9,0.37,0,0,5.29,3,3,0,8,6,0,1,1,1,1,1,0,1
238,Drew Doughty,24-25,L.A,D,30,724.1,4,3,10,17,46,66,115,4.31,8.7,6.06,6.53,45,48,7,26,43,10,0,0,0,-10,0,0,0
239,Drew Helleson,24-25,ANA,D,56,915.68,4,6,3,13,63,92,152,2.29,6.35,4.35,2.49,73,47,17,99,97,16,6,1,0,-11,0,0,0
240,Drew O'Connor,24-25,PIT,L,53,774.88,6,5,5,16,82,139,171,14.42,7.32,4.32,10.37,40,39,24,51,75,8,11,0,0,3,38,54,-16
241,Drew O'Connor,24-25,VAN,L,31,439.97,4,2,3,9,35,60,76,6.93,11.43,6.67,11.55,17,22,12,32,34,9,7,0,0,-2,10,13,-3
242,Dryden Hunt,24-25,CGY,L,5,58.28,0,2,1,3,5,6,8,0.51,0,0,8.5,3,4,2,10,3,0,2,0,0,2,2,0,2
243,Dylan Coghlan,24-25,WPG,D,6,92.12,0,0,0,0,9,18,23,0.39,0,0,2.17,7,8,2,2,4,2,0,0,0,-2,0,0,0
244,Dylan Cozens,24-25,BUF,C,61,1050.28,11,13,7,31,139,191,253,16.29,7.91,5.76,8.53,37,56,13,147,48,16,7,2,2,-9,453,443,10
245,Dylan Cozens,24-25,OTT,C,21,348.8,5,7,4,16,48,62,79,6.62,10.42,8.06,10.68,8,12,2,57,26,3,4,0,0,1,134,130,4
246,Dylan Demelo,24-25,WPG,D,82,1765.65,3,7,9,19,75,132,193,3.2,4,2.27,2.42,112,89,29,137,183,19,15,0,0,-4,0,0,0
247,Dylan Guenther,24-25,UTA,R,70,1189.8,27,18,15,60,206,330,452,22.77,13.11,8.18,6.9,42,55,18,53,70,13,12,0,0,-1,10,19,-9
248,Dylan Holloway,24-25,STL,L,77,1295.25,26,22,15,63,178,240,336,19.61,14.61,10.83,8.17,50,69,34,164,98,5,13,0,0,8,61,82,-21
249,Dylan Larkin,24-25,DET,C,82,1646.42,30,27,13,70,233,346,455,34.54,12.88,8.67,9.98,33,94,39,44,60,20,26,0,0,6,871,728,143
251,Dylan Samberg,24-25,WPG,D,60,1268.25,6,10,4,20,96,139,225,3.37,6.25,4.32,2.42,120,64,33,56,108,8,5,0,0,-3,0,0,0
252,Dylan Strome,24-25,WSH,C,82,1425.47,29,27,26,82,149,215,270,21.41,19.46,13.49,9.96,54,79,21,23,40,17,17,0,0,0,691,596,95
253,Eeli Tolvanen,24-25,SEA,R,81,1159.92,23,5,7,35,136,214,283,15.52,16.91,10.75,7.25,65,45,13,237,73,9,11,1,1,2,5,6,-1
254,Eetu Luostarinen,24-25,FLA,C,80,1223.07,9,8,8,25,86,140,184,14.02,10.47,6.43,10.01,60,43,20,183,140,14,13,0,0,-1,33,40,-7
255,Egor Zamula,24-25,PHI,D,63,1040.92,3,5,7,15,37,57,113,1.1,8.11,5.26,1.93,91,52,15,24,68,3,2,0,0,-1,0,0,0
256,Elias Lindholm,24-25,BOS,C,82,1481.57,17,16,14,47,150,234,300,26.95,11.33,7.26,11.52,79,39,22,112,35,7,13,0,0,6,759,615,144
257,Elias Pettersson,24-25,VAN,C,64,1194.27,15,19,11,45,109,187,251,16.79,13.76,8.02,8.98,77,45,22,73,87,7,22,0,0,15,459,505,-46
258,Elias Pettersson (D),24-25,VAN,D,28,359.02,1,1,1,3,19,44,68,1.04,5.26,2.27,2.36,16,24,1,39,44,6,11,1,1,5,0,0,0
259,Elmer Soderblom,24-25,DET,L,26,347.63,4,3,4,11,38,69,84,6.19,10.53,5.8,8.97,12,21,5,43,35,3,3,0,0,0,4,11,-7
260,Emil Andrae,24-25,PHI,D,42,728.48,1,4,2,7,52,76,127,2.74,1.92,1.32,3.61,50,44,16,46,83,8,3,0,0,-5,0,0,0
261,Emil Bemstrom,24-25,PIT,C,14,116.63,0,1,0,1,13,18,25,1.01,0,0,5.61,3,5,1,12,12,0,1,0,0,1,2,1,1
262,Emil Heineman,24-25,MTL,L,62,706.32,10,5,3,18,64,114,162,8.77,15.62,8.77,7.69,24,33,8,170,76,10,3,0,0,-7,1,6,-5
263,Emil Martinsen Lilleberg,24-25,T.B,D,76,1161.42,1,8,10,19,46,98,163,2.73,2.17,1.02,2.79,61,56,12,114,192,30,15,7,6,-16,0,0,0
264,Eric Robinson,24-25,CAR,L,82,1005.42,14,13,3,30,110,168,214,17.43,12.73,8.33,10.38,16,42,9,123,109,5,10,0,0,5,7,26,-19
265,Erik Brannstrom,24-25,VAN,D,28,418.17,3,3,2,8,33,49,81,1.4,9.09,6.12,2.86,39,26,6,14,41,6,6,1,1,0,0,0,0
266,Erik Cernak,24-25,T.B,D,76,1387.8,3,8,10,21,65,113,184,3.97,4.62,2.65,3.51,99,41,20,156,104,20,14,2,3,-5,0,0,0
267,Erik Gudbranson,24-25,CBJ,D,16,284.33,0,1,3,4,12,17,40,0.27,0,0,1.59,19,16,3,25,26,3,1,0,0,-2,0,0,0
268,Erik Gustafsson (D),24-25,DET,D,60,978.45,2,12,4,18,67,120,188,3.75,2.99,1.67,3.12,44,75,10,28,112,11,5,0,0,-6,0,0,0
269,Erik Haula,24-25,N.J,L,69,1014.58,11,7,3,21,110,162,195,13.46,10,6.79,8.31,35,44,14,101,58,17,7,1,1,-10,378,341,37
270,Erik Johnson,24-25,COL,D,14,232.47,1,0,1,2,23,33,49,1.08,4.35,3.03,3.27,12,8,8,19,18,2,0,0,0,-2,0,0,0
271,Erik Johnson,24-25,PHI,D,22,292.7,1,0,2,3,14,20,29,0.8,7.14,5,4,14,18,8,40,23,3,1,1,1,-2,0,0,0
272,Erik Karlsson,24-25,PIT,D,82,1905.33,11,17,25,53,191,295,507,9.38,5.76,3.73,3.18,93,140,44,29,100,11,9,0,0,-2,0,0,0
273,Esa Lindell,24-25,DAL,D,80,1774.45,5,12,9,26,99,147,229,6.3,5.05,3.4,4.29,170,109,30,50,178,7,10,0,0,3,0,0,0
274,Ethan Cardwell,24-25,S.J,R,6,69.18,1,0,0,1,5,8,11,0.78,20,12.5,9.75,3,5,1,8,1,1,2,0,0,1,1,1,0
275,Ethan Del Mastro,24-25,CHI,D,24,439.42,2,3,1,6,19,25,50,0.91,10.53,8,3.64,21,25,6,40,46,3,2,0,0,-1,0,0,0
276,Ethen Frank,24-25,WSH,C,24,259.78,4,1,2,7,23,34,42,2.66,17.39,11.76,7.82,16,10,5,11,17,3,5,0,0,2,0,1,-1
277,Evan Bouchard,24-25,EDM,D,82,1923.58,14,14,39,67,235,325,544,13.61,5.96,4.31,4.19,108,128,55,31,93,16,22,0,1,7,0,0,0
278,Evan Rodrigues,24-25,FLA,C,82,1247.92,15,6,11,32,160,250,331,17.52,9.38,6,7.01,23,62,21,128,104,19,18,0,0,-1,127,155,-28
279,Evgeni Malkin,24-25,PIT,C,68,1209.42,16,22,12,50,125,175,253,18.75,12.8,9.14,10.71,48,79,30,32,64,21,25,0,0,4,290,343,-53
280,Evgeny Dadonov,24-25,DAL,R,80,1082.67,20,12,8,40,123,188,234,18.78,16.26,10.64,9.99,39,66,9,44,101,5,7,0,0,2,0,0,0
281,Fabian Lysell,24-25,BOS,R,12,161.3,1,2,0,3,21,30,38,1.82,4.76,3.33,6.07,2,3,2,5,21,3,2,0,0,-1,0,0,0
282,Fabian Zetterlund,24-25,OTT,L,20,285.98,2,2,1,5,40,62,75,5.07,5,3.23,8.18,18,6,2,39,11,2,1,0,0,-1,1,1,0
283,Fabian Zetterlund,24-25,S.J,L,64,1086.77,17,12,7,36,141,217,281,18.12,12.06,7.83,8.35,63,44,20,115,77,5,19,0,0,14,30,20,10
284,Fedor Svechkov,24-25,NSH,C,52,670.02,8,5,4,17,64,106,150,9.45,12.5,7.55,8.92,24,45,6,32,55,7,8,0,0,1,123,212,-89
285,Filip Chytil,24-25,NYR,C,41,587.78,11,4,5,20,90,129,178,10.14,12.22,8.53,7.86,9,25,8,12,47,7,11,0,0,4,183,220,-37
286,Filip Chytil,24-25,VAN,C,15,250.42,2,3,1,6,44,67,78,4.1,4.55,2.99,6.12,4,11,7,7,23,2,7,0,0,5,80,81,-1
287,Filip Forsberg,24-25,NSH,L,82,1527.35,31,24,21,76,281,437,601,35.89,11.03,7.09,8.21,52,113,38,150,67,22,30,0,0,8,4,13,-9
288,Filip Hronek,24-25,VAN,D,61,1457.55,5,12,16,33,83,154,240,5.31,6.02,3.25,3.45,75,74,14,89,99,15,5,0,0,-10,1,0,1
289,Frank Nazar,24-25,CHI,C,53,841.18,12,8,6,26,91,136,171,12.54,13.19,8.82,9.22,35,57,8,30,60,7,18,0,0,11,170,211,-41
290,Frank Vatrano,24-25,ANA,R,81,1421.18,21,8,16,45,233,335,415,28.08,9.01,6.27,8.38,69,52,13,169,59,35,26,0,0,-9,16,18,-2
291,Fraser Minten,24-25,BOS,C,6,90.05,1,0,0,1,8,13,15,0.92,12.5,7.69,7.08,2,6,1,12,7,1,0,0,0,-1,24,33,-9
292,Fraser Minten,24-25,TOR,C,15,183.43,2,2,0,4,16,29,37,2.23,12.5,6.9,7.69,8,4,1,36,12,0,0,0,0,0,52,58,-6
293,Frederick Gaudreau,24-25,MIN,C,82,1284.25,18,14,5,37,109,152,197,11.89,16.51,11.84,7.82,61,50,24,47,56,4,4,0,0,0,529,567,-38
294,Gabe Perreault,24-25,NYR,R,5,72.18,0,0,0,0,5,7,10,0.31,0,0,4.43,1,6,1,1,2,0,1,0,0,1,0,1,-1
295,Gabriel Vilardi,24-25,WPG,C,71,1287.67,27,18,16,61,130,187,232,22.09,20.77,14.44,11.81,50,41,22,21,84,7,17,0,0,10,75,77,-2
296,Gage Goncalves,24-25,T.B,C,60,767.62,8,8,4,20,60,89,114,7.06,13.33,8.99,7.93,20,35,18,71,103,7,8,0,0,1,3,3,0
297,Garnet Hathaway,24-25,PHI,R,67,794.87,10,5,6,21,80,118,138,9.04,12.5,8.47,7.66,61,27,8,257,67,19,29,2,2,10,7,12,-5
298,Georgii Merkulov,24-25,BOS,C,6,82.4,0,1,0,1,6,11,12,0.68,0,0,6.18,7,2,1,2,8,1,1,0,0,0,0,1,-1
299,Grant Hutton,24-25,NYI,D,13,175,0,1,1,2,10,15,20,0.5,0,0,3.33,12,8,2,13,6,2,0,0,0,-2,0,0,0
301,Gustav Nyquist,24-25,MIN,R,22,324.95,2,2,3,7,32,53,63,4.2,6.25,3.77,7.92,8,10,6,15,21,2,2,0,0,0,0,6,-6
302,Gustav Nyquist,24-25,NSH,C/R,57,1006.48,9,6,6,21,70,115,171,12.98,12.86,7.83,11.29,22,49,13,28,48,6,14,0,0,8,11,13,-2
303,Hampus Lindholm,24-25,BOS,D,17,354.55,3,2,2,7,36,48,82,1.74,8.33,6.25,3.62,17,30,14,5,33,2,3,0,0,1,0,0,0
304,Haydn Fleury,24-25,WPG,D,39,621.18,0,4,3,7,37,58,104,1.21,0,0,2.09,56,39,3,48,72,3,0,0,0,-3,0,0,0
305,Helge Grans,24-25,PHI,D,6,86.75,0,0,1,1,5,8,13,0.35,0,0,4.38,5,8,2,4,10,1,0,0,0,-1,0,0,0
306,Hendrix Lapierre,24-25,WSH,C,27,264.5,0,3,5,8,18,28,37,3.43,0,0,12.25,14,17,5,13,26,2,5,0,0,3,40,61,-21
307,Henri Jokiharju,24-25,BOS,D,18,384.73,0,1,3,4,15,33,54,0.65,0,0,1.97,22,22,5,15,26,1,1,0,0,0,0,0,0
308,Henri Jokiharju,24-25,BUF,D,42,685.18,3,2,1,6,44,67,120,1.22,6.82,4.48,1.82,31,42,8,34,56,6,1,0,0,-5,0,0,0
309,Henry Thrun,24-25,S.J,D,60,1050.82,2,2,8,12,52,74,114,1.67,3.85,2.7,2.26,66,37,12,43,100,10,3,2,2,-7,0,0,0
310,Hudson Fasching,24-25,NYI,R,43,476.52,2,1,1,4,51,71,90,6.27,3.92,2.82,8.83,17,27,9,28,43,3,4,0,0,1,2,8,-6
311,Ian Cole,24-25,UTA,D,82,1663.13,1,8,8,17,66,119,189,4.77,1.52,0.84,4.01,211,118,25,106,122,36,9,1,1,-27,0,0,0
312,Ian Mitchell,24-25,BOS,D,15,234,0,0,1,1,10,19,26,0.45,0,0,2.37,23,13,5,5,25,1,2,0,0,1,0,0,0
313,Ilya Lyubushkin,24-25,DAL,D,80,1390.95,1,4,9,14,51,95,146,2.56,1.96,1.05,2.69,136,109,20,84,138,16,8,0,0,-8,0,0,0
314,Ilya Mikheyev,24-25,CHI,R,80,1254.15,20,7,7,34,138,183,221,16.69,14.49,10.93,9.12,15,54,21,34,51,8,4,0,0,-4,1,11,-10
315,Ilya Solovyov,24-25,CGY,D,5,78.35,0,1,0,1,6,9,18,0.07,0,0,0.78,8,6,3,12,11,1,1,0,0,0,0,0,0
316,Isac Lundestrom,24-25,ANA,C,79,1070.23,4,5,5,14,59,90,105,8.61,6.78,4.44,9.57,68,26,15,46,54,5,8,0,1,4,440,496,-56
317,Isaiah George,24-25,NYI,D,33,516.33,1,0,4,5,26,37,74,0.9,3.85,2.7,2.43,34,26,6,14,81,3,0,0,0,-3,0,0,0
318,Isak Rosen,24-25,BUF,R,8,77.12,0,1,0,1,8,10,15,0.43,0,0,4.3,2,5,1,3,9,0,0,0,0,0,0,0,0
319,Ivan Barbashev,24-25,VGK,C,70,1175.88,23,20,8,51,111,180,231,18.16,20.72,12.78,10.09,33,78,18,104,67,5,13,0,0,8,12,21,-9
320,Ivan Ivan,24-25,COL,C,40,401.5,5,1,2,8,34,50,65,5.35,14.71,10,10.7,9,22,2,12,24,4,1,0,0,-3,55,82,-27
321,Ivan Miroshnichenko,24-25,WSH,L,18,168.17,1,2,1,4,14,25,32,2.95,7.14,4,11.8,8,11,3,28,12,0,1,0,0,1,0,0,0
322,Ivan Provorov,24-25,CBJ,D,82,1915.02,7,12,14,33,100,147,269,5.61,7,4.76,3.82,127,120,29,28,135,13,14,1,1,1,0,0,0
323,J.T. Compher,24-25,DET,L,76,1267.27,11,12,9,32,98,138,167,16.68,11.22,7.97,12.09,64,49,17,29,72,7,11,0,0,4,457,556,-99
324,J.T. Miller,24-25,NYR,C,32,592.33,13,14,8,35,55,90,121,9.66,23.64,14.44,10.73,22,35,17,76,22,9,4,0,0,-5,219,161,58
325,J.T. Miller,24-25,VAN,C,40,718.12,9,17,9,35,81,124,151,11.75,11.11,7.26,9.48,28,36,11,92,28,11,18,3,3,7,409,289,120
326,Jaccob Slavin,24-25,CAR,D,80,1725.8,6,7,14,27,110,211,319,7.49,5.45,2.84,3.55,136,78,61,21,111,4,5,0,0,1,0,0,0
327,Jack Drury,24-25,CAR,C,39,502.5,3,4,2,9,60,95,119,6.1,5,3.16,6.42,24,19,4,17,55,6,3,0,1,-2,238,167,71
328,Jack Drury,24-25,COL,C,33,427.72,5,1,3,9,33,58,74,3.92,15.15,8.62,6.76,26,15,8,28,46,5,2,0,0,-3,193,148,45
329,Jack Eichel,24-25,VGK,C,77,1581.08,28,27,39,94,232,304,402,24.77,12.07,9.21,8.15,55,90,28,22,59,4,15,0,0,11,573,680,-107
330,Jack Hughes,24-25,N.J,C,62,1295.85,27,29,14,70,229,321,465,26.41,11.79,8.41,8.23,29,87,22,6,40,9,16,0,0,7,252,415,-163
331,Jack Johnson,24-25,CBJ,D,41,527.73,0,2,4,6,23,37,60,0.84,0,0,2.27,35,19,8,21,35,1,2,0,0,1,0,0,0
332,Jack McBain,24-25,UTA,C,82,1112.98,13,8,6,27,89,145,189,13.67,14.61,8.97,9.43,50,63,16,291,116,14,10,8,8,-4,228,231,-3
333,Jack Quinn,24-25,BUF,R,74,1099.98,15,13,11,39,123,205,277,13.14,12.2,7.32,6.41,23,52,12,39,77,9,12,0,0,3,1,6,-5
334,Jack Roslovic,24-25,CAR,C,81,1119.52,22,9,8,39,139,220,288,18.45,15.83,10,8.39,23,63,19,14,91,5,10,0,0,5,192,163,29
335,Jack St. Ivany,24-25,PIT,D,19,310.98,0,0,1,1,12,22,35,0.38,0,0,1.73,25,16,7,37,12,6,4,1,1,-2,0,0,0
336,Jack Thompson,24-25,S.J,D,31,489.53,4,4,2,10,41,61,98,1.65,9.76,6.56,2.7,54,37,7,12,44,5,0,0,0,-5,0,0,0
337,Jackson Blake,24-25,CAR,R,80,1107.67,17,12,5,34,142,205,248,25.69,11.97,8.29,12.53,30,54,20,19,123,15,22,0,0,7,15,15,0
338,Jackson Lacombe,24-25,ANA,D,75,1672.53,14,18,11,43,134,187,268,10.51,10.45,7.49,5.62,129,78,35,69,135,15,11,0,0,-4,0,1,-1
339,Jacob Bernard-Docker,24-25,BUF,D,15,216.95,1,2,1,4,14,24,39,0.44,7.14,4.17,1.83,25,13,2,9,27,4,3,1,1,-1,0,0,0
340,Jacob Bernard-Docker,24-25,OTT,D,25,327.65,1,1,2,4,18,32,55,0.64,5.56,3.12,2,25,9,1,21,41,2,0,0,0,-2,0,0,0
341,Jacob Bryson,24-25,BUF,D,48,690.83,0,5,2,7,20,29,54,0.98,0,0,3.38,51,33,8,15,82,5,3,0,0,-2,0,0,0
342,Jacob Middleton,24-25,MIN,D,67,1465.58,8,7,6,21,96,137,224,4.61,8.33,5.84,3.36,157,64,21,97,80,15,13,2,2,-2,0,0,0
343,Jacob Moverare,24-25,L.A,D,49,581.08,1,2,5,8,30,44,76,1.03,3.33,2.27,2.34,60,24,7,31,84,5,1,0,0,-4,0,0,0
344,Jacob Trouba,24-25,ANA,D,53,1099.75,1,6,1,8,65,104,180,3,1.54,0.96,2.88,140,67,23,125,37,17,8,2,2,-9,0,0,0
345,Jacob Trouba,24-25,NYR,D,24,480.18,0,5,1,6,46,60,88,1.51,0,0,2.52,68,23,6,37,24,6,4,2,2,-2,0,0,0
346,Jaden Schwartz,24-25,SEA,C,81,1448.5,26,11,12,49,194,294,356,28.64,13.4,8.84,9.74,42,60,43,43,85,12,11,0,0,-1,34,34,0
347,Jake Bean,24-25,CGY,D,64,965.7,2,2,3,7,70,111,170,2.69,2.86,1.8,2.42,43,46,27,22,84,4,4,0,0,0,0,0,0
348,Jake Christiansen,24-25,CBJ,D,68,852.72,1,4,3,8,58,88,135,1.66,1.72,1.14,1.89,65,51,8,49,95,3,1,1,1,-2,0,0,0
349,Jake Debrusk,24-25,VAN,L,82,1365.23,28,8,12,48,170,240,303,28.22,16.47,11.67,11.76,48,47,13,96,81,9,14,0,0,5,11,18,-7
351,Jake Guentzel,24-25,T.B,C,80,1599.42,41,21,18,80,216,297,354,37.96,18.98,13.8,12.78,52,79,25,28,106,12,20,0,0,8,177,207,-30
352,Jake McCabe,24-25,TOR,D,66,1419.83,2,10,11,23,74,99,170,2.74,2.7,2.02,2.77,135,83,9,118,131,15,15,2,2,0,0,0,0
353,Jake Neighbours,24-25,STL,L,82,1303.37,22,14,9,45,122,164,196,19.3,18.03,13.41,11.77,56,51,14,174,121,18,21,4,4,3,5,13,-8
354,Jake Sanderson,24-25,OTT,D,80,1955.37,11,20,27,58,196,276,422,10.28,5.61,3.99,3.72,163,98,53,38,195,7,9,0,0,2,0,0,0
355,Jake Walman,24-25,EDM,D,15,321.38,1,5,2,8,39,51,80,1.66,2.56,1.96,3.25,34,17,4,9,17,3,0,0,0,-3,0,0,0
356,Jake Walman,24-25,S.J,D,50,1158.75,6,11,15,32,125,189,302,8.68,4.8,3.17,4.59,111,63,23,47,48,18,10,0,0,-8,0,0,0
357,Jakob Chychrun,24-25,WSH,D,74,1558.75,20,15,12,47,179,304,458,11.17,11.17,6.58,3.67,87,80,35,59,121,26,11,0,0,-15,0,0,0
358,Jakob Pelletier,24-25,CGY,L,24,303.33,4,3,4,11,30,38,52,2.69,13.33,10.53,7.08,14,15,6,23,25,3,1,0,0,-2,5,9,-4
359,Jakob Pelletier,24-25,PHI,L,25,262.92,3,2,3,8,23,34,40,3.95,13.04,8.82,11.62,5,10,5,24,20,2,4,0,0,2,8,10,-2
360,Jakub Lauko,24-25,BOS,C,18,217.93,2,1,2,5,13,20,27,1.27,15.38,10,6.35,17,7,1,50,16,5,2,2,2,-3,0,3,-3
361,Jakub Lauko,24-25,MIN,C,38,382.03,3,2,1,6,29,48,60,3.46,10.34,6.25,7.21,22,18,5,70,35,6,5,3,3,-1,1,6,-5
362,Jakub Vrana,24-25,NSH,L,13,148.03,2,1,0,3,19,26,35,1.22,10.53,7.69,4.69,3,6,1,6,3,2,3,0,0,1,3,3,0
363,Jakub Vrana,24-25,WSH,L,26,255.63,7,2,2,11,28,46,56,2.91,25,15.22,6.33,5,15,5,13,9,3,2,0,0,-1,4,10,-6
364,Jalen Chatfield,24-25,CAR,D,79,1491.33,7,4,8,19,114,190,301,4.03,6.14,3.68,2.12,64,82,26,64,159,17,8,2,2,-9,0,0,0
365,James Van Riemsdyk,24-25,CBJ,L,71,880.37,16,11,9,36,84,123,148,15.02,19.05,13.01,12.21,16,40,5,31,48,9,12,1,1,3,6,14,-8
366,Jamie Benn,24-25,DAL,L,80,1224.1,16,22,11,49,136,195,255,20.17,11.76,8.21,10.34,45,58,13,113,75,25,10,2,2,-15,295,234,61
367,Jamie Drysdale,24-25,PHI,D,70,1394.18,7,5,8,20,62,108,185,3.31,11.29,6.48,3.06,102,73,20,18,80,11,6,0,0,-5,0,0,0
368,Jamie Oleksiak,24-25,SEA,D,82,1539.65,4,8,5,17,66,117,174,3.85,6.06,3.42,3.29,159,89,23,72,102,12,12,0,0,0,0,0,0
369,Jan Rutta,24-25,S.J,D,54,931.88,3,2,4,9,55,83,152,1.84,5.45,3.61,2.22,81,55,11,40,85,14,5,0,0,-9,0,0,0
370,Jani Nyman,24-25,SEA,R,12,167.83,3,1,2,6,22,41,48,3.16,13.64,7.32,7.71,7,5,2,13,9,2,2,0,0,0,1,0,1
371,Janis Moser,24-25,T.B,D,54,1018.05,2,4,8,14,48,81,146,2.52,4.17,2.47,3.11,70,45,23,34,96,11,4,0,0,-7,0,0,0
372,Jansen Harkins,24-25,ANA,C,62,677.52,2,1,3,6,49,66,93,4.84,4.08,3.03,7.33,41,38,15,136,43,8,15,1,1,7,117,102,15
373,Jared McCann,24-25,SEA,L,82,1411.28,22,26,13,61,202,313,419,24.23,10.89,7.03,7.74,50,66,29,47,52,9,21,0,0,12,109,135,-26
374,Jared Spurgeon,24-25,MIN,D,66,1349.77,7,11,14,32,107,155,240,5.13,6.54,4.52,3.31,119,52,22,53,96,7,2,0,1,-4,0,0,0
375,Jaret Anderson-Dolan,24-25,WPG,C,7,69.55,0,1,0,1,8,11,12,0.59,0,0,5.36,6,2,1,23,9,2,0,0,0,-2,1,1,0
376,Jason Dickinson,24-25,CHI,C,59,926.25,7,4,5,16,55,93,149,7.48,12.73,7.53,8.04,53,26,13,99,79,9,12,2,2,3,451,464,-13
377,Jason Robertson,24-25,DAL,L,82,1459.07,35,22,23,80,213,294,408,26.21,16.43,11.9,8.91,45,92,24,59,80,9,21,0,0,12,7,12,-5
378,Jason Zucker,24-25,BUF,L,73,1167.55,21,24,8,53,143,230,279,21.33,14.69,9.13,9.27,22,73,20,68,45,16,14,1,1,-2,42,64,-22
379,Jaycob Megna,24-25,FLA,D,8,128.8,0,0,0,0,6,8,14,0.15,0,0,1.88,9,6,1,3,14,1,2,0,0,1,0,0,0
380,Jayden Struble,24-25,MTL,D,56,837.45,2,5,6,13,48,69,137,1.49,4.17,2.9,2.16,54,51,23,124,90,16,5,2,2,-11,0,0,0
381,Jean-Gabriel Pageau,24-25,NYI,C,79,1342.77,14,17,11,42,119,181,232,20.3,11.76,7.73,11.22,57,47,25,140,105,4,14,1,1,10,588,400,188
382,Jeff Malott,24-25,L.A,L,12,123.3,0,0,1,1,13,20,28,0.87,0,0,4.35,7,4,2,19,18,1,3,1,1,2,1,1,0
383,Jeff Petry,24-25,DET,D,44,831.87,2,3,3,8,34,58,108,1.77,5.88,3.45,3.05,77,51,16,51,78,8,5,0,0,-3,0,0,0
384,Jeff Skinner,24-25,EDM,C/L,72,935.98,16,10,3,29,144,202,265,18.03,11.11,7.92,8.93,23,41,19,44,45,8,14,0,0,6,22,21,1
385,Jere Innala,24-25,COL,L,17,121.55,0,0,0,0,8,17,21,1.42,0,0,8.35,6,2,1,20,12,1,3,0,0,2,1,2,-1
386,Jeremy Lauzon,24-25,NSH,D,28,503.2,0,0,1,1,25,40,70,1.03,0,0,2.58,34,19,4,126,34,11,7,3,3,-4,0,0,0
387,Jesper Boqvist,24-25,FLA,C,78,1033.23,12,6,5,23,87,132,167,11.19,13.79,9.09,8.48,27,33,18,191,112,7,12,0,0,5,71,97,-26
388,Jesper Bratt,24-25,N.J,L,81,1534.8,21,36,31,88,180,284,391,26.72,11.67,7.39,9.41,42,62,11,96,70,9,12,0,0,3,0,3,-3
389,Jesperi Kotkaniemi,24-25,CAR,C,78,1096.62,12,10,11,33,115,162,219,15.24,10.43,7.41,9.41,28,64,18,66,110,20,12,2,2,-8,367,342,25
390,Jesse Puljujarvi,24-25,FLA,R,5,63.63,1,0,0,1,12,16,19,1.41,8.33,6.25,8.81,2,4,0,35,9,0,1,1,0,0,0,0,0
391,Jesse Puljujarvi,24-25,PIT,R,26,301.63,3,2,4,9,38,60,84,4.3,7.89,5,7.17,7,11,3,45,28,5,3,0,0,-2,0,1,-1
392,Jett Luchanko,24-25,PHI,C,4,56.22,0,0,0,0,3,6,10,0.96,0,0,16,0,1,1,6,3,1,2,0,0,1,17,20,-3
393,Jimmy Schuldt,24-25,S.J,D,8,110.27,0,0,0,0,4,6,9,0.11,0,0,1.83,5,6,1,13,15,0,1,0,0,1,0,0,0
394,Jimmy Snuggerud,24-25,STL,R,7,108.27,1,3,0,4,10,20,27,2.23,10,5,11.15,4,7,4,3,12,0,1,0,0,1,0,0,0
395,Jimmy Vesey,24-25,COL,L,10,105.6,1,1,0,2,6,11,14,0.79,16.67,9.09,7.18,2,4,2,13,4,0,1,0,0,1,0,4,-4
396,Jimmy Vesey,24-25,NYR,L,33,352.27,4,2,0,6,30,46,61,2.81,13.33,8.7,6.11,10,19,5,19,5,0,3,0,0,3,3,8,-5
397,Jiri Kulich,24-25,BUF,C,62,917.27,15,5,4,24,134,200,262,16.89,11.19,7.5,8.45,36,33,15,40,36,9,8,0,0,-1,254,304,-50
398,Jj Peterka,24-25,BUF,R,77,1400.17,27,18,23,68,173,275,384,21.6,15.61,9.82,7.85,16,87,22,30,71,12,16,0,0,4,2,10,-8
399,Joe Veleno,24-25,CHI,C,18,227.5,3,1,3,7,25,32,38,3.04,12,9.38,9.5,12,9,3,46,15,2,3,0,0,1,65,76,-11
401,Joel Armia,24-25,MTL,R,81,1158.48,11,13,5,29,104,157,232,13.83,10.58,7.01,8.81,35,48,19,87,54,8,8,0,0,0,3,11,-8
402,Joel Edmundson,24-25,L.A,D,73,1503.08,6,6,8,20,90,156,241,4.02,6.67,3.85,2.58,108,62,23,100,81,11,5,0,0,-6,0,0,0
403,Joel Eriksson Ek,24-25,MIN,C,46,909.25,14,8,6,28,138,186,216,18.81,10.14,7.53,10.11,36,34,14,82,56,11,15,0,0,4,408,458,-50
404,Joel Farabee,24-25,CGY,L,31,447.58,3,1,2,6,52,70,92,7.21,5.77,4.29,10.3,16,19,4,39,44,4,5,0,0,1,7,6,1
405,Joel Farabee,24-25,PHI,L,50,760.4,8,8,3,19,99,131,161,13.23,8.08,6.11,10.1,34,45,15,55,58,8,9,2,2,1,11,25,-14
406,Joel Hanley,24-25,CGY,D,53,984.77,2,2,5,9,42,79,129,1.91,4.76,2.53,2.42,90,67,7,55,109,10,6,1,1,-4,0,0,0
407,Joel Kiviranta,24-25,COL,L,79,989.23,16,4,3,23,84,121,161,13.21,19.05,13.22,10.92,38,36,17,113,90,10,7,0,0,-3,23,25,-2
408,Joey Anderson,24-25,CHI,R,18,223.08,0,1,0,1,17,20,31,1.58,0,0,7.9,13,4,8,11,21,0,1,0,0,1,3,2,1
409,John Beecher,24-25,BOS,C,78,881.05,3,7,1,11,44,79,98,6.73,6.82,3.8,8.52,71,49,14,84,71,13,12,0,0,-1,282,260,22
410,John Carlson,24-25,WSH,D,79,1861.57,5,24,22,51,168,257,394,10.11,2.98,1.95,3.93,131,112,36,49,83,12,9,0,0,-3,0,0,0
411,John Hayden,24-25,SEA,C,20,170.17,1,1,0,2,20,30,38,2.79,5,3.33,9.3,19,5,3,44,9,3,4,1,1,1,31,27,4
412,John Klingberg,24-25,EDM,D,11,189.68,1,1,2,4,19,26,39,0.77,5.26,3.85,2.96,13,14,1,5,21,4,0,0,0,-4,0,0,0
413,John Ludvig,24-25,COL,D,8,103.6,0,0,2,2,9,10,13,0.3,0,0,3,6,5,1,16,8,3,1,0,0,-2,0,0,0
414,John Marino,24-25,UTA,D,35,740.85,1,7,6,14,29,42,76,1.59,3.45,2.38,3.79,46,32,10,9,64,1,2,0,0,1,0,0,0
415,John Tavares,24-25,TOR,C,75,1366.92,38,20,16,74,199,280,341,34.24,19.1,13.57,12.23,45,69,24,91,78,23,16,0,0,-7,762,546,216
416,Johnathan Kovacevic,24-25,N.J,D,81,1604.93,1,10,6,17,76,130,222,3.6,1.32,0.77,2.77,99,100,28,100,133,26,8,4,4,-18,0,0,0
417,Jon Merrill,24-25,MIN,D,70,986.32,2,2,2,6,47,79,111,1.77,4.26,2.53,2.24,85,64,14,40,113,10,4,0,0,-6,0,0,0
418,Jonah Gadjovich,24-25,FLA,L,42,354.92,4,0,0,4,43,70,89,5.81,9.3,5.71,8.3,21,4,2,126,27,5,6,6,6,1,3,2,1
419,Jonas Brodin,24-25,MIN,D,50,1147.78,4,3,13,20,72,100,179,2.09,5.56,4,2.09,104,53,21,27,93,9,4,0,0,-5,0,0,0
420,Jonas Rondbjerg,24-25,VGK,R,13,125.13,0,0,0,0,11,17,21,0.74,0,0,4.35,4,1,3,3,24,0,1,0,0,1,1,4,-3
421,Jonas Siegenthaler,24-25,N.J,D,55,1078.08,2,1,6,9,52,82,133,2.65,3.85,2.44,3.23,92,59,14,74,123,17,13,0,0,-4,0,0,0
422,Jonatan Berggren,24-25,DET,R,75,973.78,12,8,4,24,89,142,184,10.91,13.48,8.45,7.68,16,31,11,41,75,7,14,0,0,7,5,12,-7
423,Jonathan Drouin,24-25,COL,L,43,781.85,11,15,11,37,56,87,113,8.46,19.64,12.64,9.72,12,35,15,14,32,3,2,0,0,-1,9,13,-4
424,Jonathan Huberdeau,24-25,CGY,C/L,81,1582.92,28,26,8,62,153,206,267,22.43,18.3,13.59,10.89,64,88,23,50,59,17,26,0,0,9,13,25,-12
425,Jonathan Lekkerimaki,24-25,VAN,R,24,300.13,3,1,2,6,30,44,57,3.04,10,6.82,6.91,6,8,4,16,21,1,2,0,0,1,0,1,-1
426,Jonathan Marchessault,24-25,NSH,R,78,1402.2,21,19,17,57,205,276,380,24.73,10.24,7.61,8.96,25,89,10,77,67,16,13,1,1,-3,17,50,-33
427,Jonny Brodzinski,24-25,NYR,C,51,595.43,12,3,4,19,73,108,139,7.1,16.44,11.11,6.57,19,26,11,27,28,2,5,0,0,3,81,89,-8
428,Joona Koppanen,24-25,PIT,L,11,147.22,1,0,0,1,10,13,16,0.57,10,7.69,4.38,3,11,0,40,9,0,0,0,0,0,18,28,-10
429,Jordan Eberle,24-25,SEA,R,42,683.05,9,16,1,26,66,102,130,9.95,13.64,8.82,9.75,25,28,21,13,45,7,5,0,0,-2,7,11,-4
430,Jordan Greenway,24-25,BUF,L,34,512.62,3,4,1,8,34,66,87,5.03,8.82,4.55,7.62,29,23,7,95,33,10,12,3,3,2,7,27,-20
431,Jordan Harris,24-25,CBJ,D,33,375.78,1,3,1,5,15,25,39,0.61,6.67,4,2.44,35,16,4,23,64,3,4,0,0,1,0,0,0
432,Jordan Kyrou,24-25,STL,C/R,82,1433.33,36,20,14,70,239,328,465,25.12,15.06,10.98,7.66,36,79,21,50,87,10,22,0,0,12,5,10,-5
433,Jordan Martinook,24-25,CAR,L,79,1208.42,15,14,7,36,112,198,251,18.04,13.39,7.58,9.11,52,53,18,84,92,9,8,0,0,-1,34,37,-3
434,Jordan Oesterle,24-25,BOS,D,22,387.22,1,2,3,6,20,34,55,0.9,5,2.94,2.65,37,33,7,20,45,1,1,0,0,0,0,0,0
435,Jordan Oesterle,24-25,NSH,D,15,247.35,3,1,0,4,18,30,45,0.59,16.67,10,1.97,20,18,8,7,28,1,1,0,0,0,0,0,0
436,Jordan Spence,24-25,L.A,D,79,1326.8,4,11,13,28,86,153,259,3.57,4.65,2.61,2.33,77,72,15,80,133,8,3,0,0,-5,0,0,0
437,Jordan Staal,24-25,CAR,C,75,1157.73,13,15,8,36,107,158,197,14.09,12.15,8.23,8.92,43,41,9,137,58,8,8,0,0,0,725,605,120
438,Joseph Labate,24-25,CBJ,C,6,54.63,0,0,1,1,3,4,5,0.36,0,0,9,11,1,0,14,3,0,2,2,2,2,0,2,-2
439,Josh Anderson,24-25,MTL,R,81,1159.88,15,8,4,27,109,168,210,16.89,13.76,8.93,10.05,39,36,17,175,56,35,27,2,2,-8,29,20,9
440,Josh Brown,24-25,EDM,D,10,126.1,0,0,1,1,9,12,18,0.24,0,0,2,18,3,0,21,14,3,1,1,1,-2,0,0,0
441,Josh Doan,24-25,UTA,R,51,689.45,7,8,4,19,88,141,183,14.11,7.95,4.96,10.01,14,25,10,45,51,4,5,0,0,1,35,50,-15
442,Josh Mahura,24-25,SEA,D,64,880.33,0,5,4,9,58,88,135,2.62,0,0,2.98,54,41,10,89,129,10,4,0,0,-6,0,0,0
443,Josh Manson,24-25,COL,D,48,865.98,1,6,8,15,65,93,167,2.1,1.54,1.08,2.26,59,74,20,105,70,14,11,0,0,-3,0,0,0
444,Josh Morrissey,24-25,WPG,D,80,1951.33,14,19,29,62,174,274,436,9.44,8.05,5.11,3.45,113,78,32,49,95,11,11,0,0,0,0,0,0
445,Josh Norris,24-25,BUF,C,3,55.78,1,1,0,2,2,3,5,0.36,50,33.33,12,2,2,0,2,3,0,1,0,0,1,27,23,4
446,Josh Norris,24-25,OTT,C,53,971.62,20,8,5,33,95,139,174,14.12,21.05,14.39,10.16,45,31,13,133,46,17,17,0,1,1,385,332,53
447,Joshua Roy,24-25,MTL,R,12,132.22,2,0,0,2,14,26,30,2.48,14.29,7.69,9.54,8,5,3,6,13,1,1,0,0,0,1,0,1
448,Juha Jaaska,24-25,CAR,L,18,160.72,0,2,2,4,11,22,28,1.88,0,0,8.55,3,8,1,20,30,2,1,1,1,-1,16,15,1
449,Juraj Slafkovsky,24-25,MTL,L,79,1370.57,18,16,17,51,134,225,287,23.55,13.43,8,10.47,62,71,16,193,106,20,17,1,1,-3,5,14,-9
451,Justin Barron,24-25,NSH,D,45,830.43,5,3,4,12,57,87,140,3.13,8.77,5.75,3.6,63,46,10,63,74,5,8,1,1,3,0,0,0
452,Justin Brazeau,24-25,BOS,R,57,739.17,10,8,2,20,78,116,138,12.9,12.82,8.62,11.12,26,33,10,89,48,3,7,0,0,4,3,10,-7
453,Justin Brazeau,24-25,MIN,R,19,162.47,1,0,1,2,11,16,20,1.5,9.09,6.25,9.38,12,10,4,34,12,1,1,0,0,0,0,0,0
454,Justin Danforth,24-25,CBJ,R,61,877.45,9,7,5,21,95,125,141,12.88,9.47,7.2,10.3,49,26,8,123,59,9,3,0,0,-6,326,334,-8
455,Justin Dowling,24-25,N.J,C,52,531.58,2,2,3,7,35,63,87,4.28,5.71,3.17,6.79,22,29,14,51,56,3,4,0,0,1,158,169,-11
456,Justin Faulk,24-25,STL,D,78,1751.37,4,13,15,32,124,181,296,7.48,3.23,2.21,4.13,108,100,28,78,73,15,5,0,0,-10,0,0,0
457,Justin Holl,24-25,DET,D,73,1079.43,2,5,1,8,41,77,107,1.64,4.88,2.6,2.13,78,66,8,35,154,8,3,0,0,-5,0,0,0
458,Justin Kirkland,24-25,CGY,C,21,203.72,2,4,2,8,9,18,23,1.27,22.22,11.11,7.06,16,8,3,45,18,3,3,1,1,0,53,73,-20
459,Juuso Parssinen,24-25,COL,C,22,215.05,2,2,2,6,15,21,24,1.58,13.33,9.52,7.52,6,5,0,41,15,4,1,0,0,-3,29,23,6
460,Juuso Parssinen,24-25,NSH,C,15,183.15,2,2,1,5,11,19,28,1.68,18.18,10.53,8.84,9,9,2,28,19,0,0,0,0,0,36,41,-5
461,Juuso Parssinen,24-25,NYR,C,11,107.48,2,1,2,5,4,7,9,0.87,50,28.57,12.43,14,4,2,17,7,3,0,1,1,-3,27,40,-13
462,Juuso Valimaki,24-25,UTA,D,43,711.78,2,2,1,5,40,63,109,2.46,5,3.17,3.9,49,40,11,23,94,7,10,0,0,3,0,0,0
463,K'Andre Miller,24-25,NYR,D,74,1624.03,7,11,9,27,110,167,261,5.61,6.36,4.19,3.36,110,97,47,106,85,11,7,0,0,-4,0,0,0
464,Kaapo Kakko,24-25,NYR,R,30,398.33,4,7,3,14,45,62,84,5.24,8.89,6.45,8.45,8,16,5,23,19,7,4,0,0,-3,32,32,0
465,Kaapo Kakko,24-25,SEA,R,49,835.35,10,12,8,30,73,114,153,9.74,13.7,8.77,8.54,20,43,13,45,45,7,11,0,0,4,18,18,0
466,Kaedan Korczak,24-25,VGK,D,40,602.93,0,5,5,10,34,48,87,0.91,0,0,1.9,40,36,7,59,69,1,0,0,0,-1,0,0,0
467,Kaiden Guhle,24-25,MTL,D,55,1164.67,6,9,3,18,71,115,171,3.33,8.45,5.22,2.9,124,47,14,104,120,16,9,3,3,-7,0,0,0
468,Kailer Yamamoto,24-25,UTA,R,12,145.35,2,1,0,3,13,22,26,3.22,15.38,9.09,14.64,4,8,1,9,18,1,4,0,0,3,2,0,2
469,Karsen Dorwart,24-25,PHI,L,5,54.9,0,0,0,0,4,5,7,0.24,0,0,4.8,2,5,0,9,5,1,0,0,0,-1,14,21,-7
470,Kasperi Kapanen,24-25,EDM,R,57,685.4,5,6,2,13,55,77,101,4.86,9.09,6.49,6.31,13,34,9,73,34,7,12,0,0,5,39,52,-13
471,Kasperi Kapanen,24-25,STL,R,10,113.22,1,0,0,1,11,17,22,0.9,9.09,5.88,5.29,1,8,0,15,2,1,3,0,0,2,0,3,-3
472,Keaton Middleton,24-25,COL,D,41,470.97,0,1,1,2,44,71,111,1.7,0,0,2.39,37,27,7,69,31,9,2,2,2,-7,0,0,0
473,Keegan Kolesar,24-25,VGK,R,82,1081.9,12,9,9,30,88,137,167,11.75,13.64,8.76,8.58,49,34,13,237,128,9,8,7,7,-1,6,12,-6
474,Kent Johnson,24-25,CBJ,C,68,1175.98,24,17,16,57,123,180,258,14.36,19.51,13.33,7.98,29,64,21,3,44,8,4,0,0,-4,0,8,-8
475,Kevin Bahl,24-25,CGY,D,73,1561.27,3,9,8,20,82,135,219,4.05,3.66,2.22,3,116,85,24,109,72,10,5,1,1,-5,0,0,0
476,Kevin Fiala,24-25,L.A,L,81,1499.98,35,14,11,60,244,387,517,28.47,14.34,9.04,7.36,22,88,30,63,92,19,16,0,0,-3,15,22,-7
477,Kevin Gravel,24-25,NSH,D,6,107.02,0,1,0,1,6,11,19,0.21,0,0,1.91,8,7,0,7,15,0,0,0,0,0,0,0,0
478,Kevin Hayes,24-25,PIT,R,64,771.08,13,4,6,23,99,156,195,14.46,13.13,8.33,9.27,11,33,14,52,25,4,6,0,0,2,237,217,20
479,Kevin Korchinski,24-25,CHI,D,16,273.43,1,0,1,2,14,21,32,0.57,7.14,4.76,2.71,14,14,4,2,25,4,2,0,0,-2,0,0,0
480,Kevin Labanc,24-25,CBJ,R,34,356.82,2,2,8,12,35,60,93,2.38,5.71,3.33,3.97,14,14,6,28,21,6,2,0,0,-4,0,3,-3
481,Kevin Rooney,24-25,CGY,C,70,659.17,5,2,3,10,54,77,104,6.57,9.26,6.49,8.53,39,30,9,109,70,7,13,0,0,6,195,218,-23
482,Kevin Stenlund,24-25,UTA,C,82,1176.78,14,8,6,28,103,151,197,11.43,13.59,9.27,7.57,63,50,16,49,75,20,17,0,0,-3,624,431,193
483,Kiefer Sherwood,24-25,VAN,L,78,1161.38,19,14,7,40,140,214,279,12.86,13.57,8.88,6.01,30,49,26,460,98,15,17,1,1,2,24,32,-8
484,Kieffer Bellows,24-25,NSH,L,19,202.82,2,1,1,4,28,44,57,2.83,7.14,4.55,6.43,6,10,3,35,20,3,3,0,0,0,2,1,1
485,Kirby Dach,24-25,MTL,C,57,893.42,10,3,9,22,84,124,155,14.68,11.9,8.06,11.84,36,39,10,99,73,20,19,0,0,-1,96,142,-46
486,Kirill Kaprizov,24-25,MIN,L,41,921.15,25,22,9,56,145,203,311,21.97,17.24,12.32,10.82,17,59,12,16,53,8,11,0,0,3,0,3,-3
487,Kirill Marchenko,24-25,CBJ,R,79,1468.07,31,29,14,74,207,299,434,24.03,14.98,10.37,8.04,38,84,36,55,89,10,18,0,0,8,13,28,-15
488,Klim Kostin,24-25,S.J,C,35,373.68,1,2,4,7,28,42,52,3.76,3.57,2.38,8.95,17,27,5,110,30,11,9,1,1,-2,4,9,-5
489,Kris Letang,24-25,PIT,D,74,1740.82,9,8,13,30,165,237,362,10.52,5.45,3.8,4.44,99,100,37,119,103,26,16,0,0,-10,0,0,0
490,Kurtis MacDermid,24-25,N.J,L,23,132.85,0,0,0,0,7,12,15,0.83,0,0,6.92,8,9,1,39,8,4,1,3,3,-3,0,0,0
491,Kyle Burroughs,24-25,L.A,D,33,258,0,3,0,3,6,13,28,0.18,0,0,1.38,14,19,3,42,46,12,1,3,3,-11,0,0,0
492,Kyle Connor,24-25,WPG,L,82,1672.37,41,31,25,97,267,358,484,30.98,15.36,11.45,8.65,46,80,33,21,45,10,13,1,1,3,1,7,-6
493,Kyle MacLean,24-25,NYI,C,81,806,4,4,3,11,61,92,120,6.01,6.56,4.35,6.53,29,26,12,108,41,7,10,0,0,3,273,293,-20
494,Kyle Palmieri,24-25,NYI,C,82,1517.87,24,12,12,48,168,278,363,23.86,14.29,8.63,8.58,48,55,18,54,99,10,14,0,0,4,13,20,-7
495,Landon Slaggert,24-25,CHI,L,33,406.15,2,4,0,6,33,47,60,4.86,6.06,4.26,10.34,13,12,9,25,29,9,3,1,1,-6,0,1,-1
496,Lane Hutson,24-25,MTL,D,82,1864.12,6,25,34,65,90,165,297,6.75,6.67,3.64,4.09,123,109,56,40,129,18,16,0,0,-2,0,0,0
497,Lars Eller,24-25,PIT,C,17,279.17,4,3,0,7,27,36,52,3.06,14.81,11.11,8.5,9,12,2,16,27,5,2,0,0,-3,103,81,22
498,Lars Eller,24-25,WSH,C,63,784.15,6,7,2,15,77,112,153,9.33,7.79,5.36,8.33,26,38,14,40,75,13,12,0,0,-1,289,278,11
499,Lawson Crouse,24-25,UTA,L,81,1112.1,12,3,3,18,126,196,242,16.05,9.52,6.12,8.19,46,59,16,193,58,12,11,3,3,-1,19,22,-3
501,Leon Draisaitl,24-25,EDM,C,71,1527.73,52,30,24,106,241,340,416,33.07,21.58,15.29,9.73,27,88,35,22,78,17,30,0,0,13,651,545,106
502,Liam O'Brien,24-25,UTA,C,28,260.32,0,1,0,1,34,53,73,4.91,0,0,9.26,11,8,2,100,22,5,2,6,6,-3,1,3,-2
503,Liam Ohgren,24-25,MIN,L,24,266.53,2,2,1,5,32,49,66,3.16,6.25,4.08,6.45,12,9,5,25,18,1,1,0,0,0,0,0,0
504,Lian Bichsel,24-25,DAL,D,38,565.85,4,2,3,9,39,57,100,1.76,10.26,7.02,3.09,23,22,4,155,113,18,5,1,2,-12,0,0,0
505,Linus Karlsson,24-25,VAN,C,23,251.47,3,2,1,6,28,44,57,6.48,10.71,6.82,14.73,8,6,3,27,28,3,3,0,0,0,1,4,-3
506,Logan Cooley,24-25,UTA,C,75,1339.6,25,20,20,65,156,224,292,20.1,16.03,11.16,8.97,32,66,24,63,118,23,21,0,0,-2,340,420,-80
507,Logan Mailloux,24-25,MTL,D,7,113.43,2,1,1,4,10,14,22,0.9,20,14.29,6.43,8,4,0,9,13,4,0,0,0,-4,0,0,0
508,Logan O'Connor,24-25,COL,R,80,1129.88,10,5,6,21,89,137,175,12.69,11.24,7.3,9.26,50,32,17,68,100,8,21,2,2,13,27,43,-16
509,Logan Stankoven,24-25,CAR,C,19,286.17,5,2,2,9,46,71,85,7.24,10.87,7.04,10.2,9,10,5,6,26,1,5,0,0,4,2,8,-6
510,Logan Stankoven,24-25,DAL,C,59,890.95,9,9,11,29,148,204,258,16.9,6.08,4.41,8.28,24,41,15,42,64,3,20,0,0,17,85,98,-13
511,Logan Stanley,24-25,WPG,D,63,981.77,1,4,9,14,49,83,134,1.73,2.04,1.2,2.08,76,59,11,88,117,19,6,4,4,-13,0,0,0
512,Louis Crevier,24-25,CHI,D,32,553.13,3,0,2,5,28,46,72,1.02,10.71,6.52,2.22,49,29,4,70,58,5,2,0,0,-3,0,0,0
513,Luca Cagnoni,24-25,S.J,D,6,105.85,0,0,2,2,7,12,23,0.42,0,0,3.5,9,5,2,1,9,4,2,0,0,-2,0,0,0
514,Luca Del Bel Belluz,24-25,CBJ,C,15,206.3,2,3,3,8,18,23,30,1.25,11.11,8.7,5.43,12,9,3,4,16,0,0,0,0,0,65,86,-21
515,Lucas Carlsson,24-25,S.J,D,13,251.72,1,2,1,4,15,25,40,0.95,6.67,4,3.8,14,6,6,4,15,7,0,0,0,-7,0,0,0
516,Lucas Condotta,24-25,MTL,L,7,57.42,1,0,0,1,5,7,10,0.8,20,14.29,11.43,3,2,0,10,3,0,0,0,0,0,17,12,5
517,Lucas Raymond,24-25,DET,L,82,1540.37,27,28,25,80,192,283,382,25.78,14.06,9.54,9.11,34,80,28,42,99,9,25,0,0,16,1,7,-6
518,Lukas Reichel,24-25,CHI,L,70,833.78,8,8,6,22,72,92,116,7.43,11.11,8.7,8.08,29,36,13,24,62,6,3,0,0,-3,142,214,-72
519,Luke Evangelista,24-25,NSH,R,68,943.27,10,10,12,32,134,172,211,14.13,7.46,5.81,8.22,13,37,16,28,81,11,17,0,0,6,0,3,-3
520,Luke Glendening,24-25,T.B,C,77,830.4,4,3,0,7,51,74,97,5.69,7.84,5.41,7.69,58,19,6,105,74,5,7,0,0,2,502,379,123
521,Luke Hughes,24-25,N.J,D,71,1502.22,7,21,16,44,121,179,328,7.89,5.79,3.91,4.41,60,86,33,19,128,9,5,0,0,-4,0,1,-1
522,Luke Kunin,24-25,CBJ,C,12,141.28,0,0,0,0,17,25,32,2.17,0,0,8.68,13,4,2,24,4,2,1,1,1,-1,5,11,-6
523,Luke Kunin,24-25,S.J,C,63,960.5,11,4,3,18,95,138,185,14.46,11.58,7.97,10.48,64,26,10,163,59,18,11,2,2,-7,181,201,-20
524,Luke Schenn,24-25,NSH,D,61,950.4,1,2,2,5,66,95,166,3.48,1.52,1.05,3.66,76,48,13,228,77,8,2,5,5,-6,0,0,0
525,Luke Schenn,24-25,WPG,D,15,262.05,0,0,2,2,11,15,31,0.19,0,0,1.27,28,15,3,72,26,2,1,0,0,-1,0,0,0
526,MacKenzie Weegar,24-25,CGY,D,81,1957.3,8,15,24,47,184,279,474,9.15,4.35,2.87,3.28,192,159,52,221,174,14,13,1,1,-1,0,1,-1
527,Mackie Samoskevich,24-25,FLA,R,72,959.2,15,10,6,31,129,217,277,17.85,11.63,6.91,8.23,32,46,9,134,103,6,13,0,0,7,0,1,-1
528,Macklin Celebrini,24-25,S.J,C,70,1385.17,25,18,20,63,236,353,457,23.84,10.59,7.08,6.75,53,113,29,37,75,15,24,0,0,9,506,544,-38
529,Marat Khusnutdinov,24-25,BOS,C,18,266.08,3,1,1,5,11,16,19,1.1,27.27,18.75,6.88,9,17,3,18,23,3,1,0,0,-2,5,4,1
530,Marat Khusnutdinov,24-25,MIN,C,57,640.3,2,3,2,7,30,50,58,3.4,6.67,4,6.8,38,30,3,37,46,7,1,0,0,-6,183,241,-58
531,Marc-Edouard Vlasic,24-25,S.J,D,27,394.88,1,1,1,3,20,32,52,0.68,5,3.12,2.12,40,26,4,4,35,1,1,0,0,0,0,0,0
532,Marc Del Gaizo,24-25,NSH,D,46,770.6,2,4,3,9,76,103,158,3.92,2.63,1.94,3.81,52,38,19,69,74,8,1,1,1,-7,0,0,0
533,Marc Gatcomb,24-25,NYI,C,39,381.68,8,0,1,9,41,55,74,4.39,19.51,14.55,7.98,23,12,7,149,37,3,2,1,1,-1,5,7,-2
534,Marc McLaughlin,24-25,BOS,C,12,110.3,2,0,0,2,13,18,23,1.74,15.38,11.11,9.67,6,6,2,23,5,0,2,0,0,2,12,16,-4
535,Marco Kasper,24-25,DET,C,77,1189.72,19,7,11,37,145,207,253,19.67,13.1,9.18,9.5,48,47,9,156,81,12,11,0,0,-1,281,345,-64
536,Marco Rossi,24-25,MIN,C,82,1496.15,24,22,14,60,136,209,265,24.01,17.65,11.48,11.49,41,60,18,63,70,13,22,0,0,9,464,528,-64
537,Marcus Foligno,24-25,MIN,L,77,1115.12,14,9,6,29,91,139,159,18.28,15.38,10.07,13.15,49,48,20,252,74,15,11,9,9,-4,7,12,-5
538,Marcus Johansson,24-25,MIN,L,72,1179.6,11,16,7,34,121,172,239,12.77,9.09,6.4,7.42,25,41,12,49,80,6,11,0,0,5,5,15,-10
539,Marcus Pettersson,24-25,PIT,D,47,1036.13,3,8,7,18,43,85,142,1.72,6.98,3.53,2.02,83,60,23,56,121,10,4,1,1,-6,0,0,0
540,Marcus Pettersson,24-25,VAN,D,31,655.73,1,6,4,11,26,44,73,1.72,3.85,2.27,3.91,61,28,9,23,80,10,7,0,0,-3,0,0,0
541,Mario Ferraro,24-25,S.J,D,78,1669.23,5,7,5,17,79,128,205,4.2,6.33,3.91,3.28,125,77,37,149,153,19,7,3,3,-12,0,0,0
542,Mark Friedman,24-25,VAN,D,5,70.32,0,0,0,0,4,6,8,0.11,0,0,1.83,6,1,2,6,8,0,0,0,0,0,0,0,0
543,Mark Jankowski,24-25,CAR,L,19,233.03,8,0,0,8,21,31,35,3.56,38.1,25.81,11.48,15,20,2,4,19,4,2,0,0,-2,106,104,2
544,Mark Jankowski,24-25,NSH,C/L,41,521.05,4,4,1,9,44,69,94,7.72,9.09,5.8,11.19,20,15,4,23,36,5,3,1,1,-2,113,110,3
545,Mark Kastelic,24-25,BOS,C,61,654.9,5,6,3,14,66,93,119,5.97,7.58,5.38,6.42,39,26,12,217,70,18,12,10,11,-5,199,167,32
546,Mark Scheifele,24-25,WPG,C,82,1676.07,39,32,16,87,179,274,339,29.37,21.79,14.23,10.72,60,105,25,73,124,18,28,1,1,10,627,641,-14
547,Mark Stone,24-25,VGK,R,66,1270.78,19,34,14,67,131,191,227,21.26,14.5,9.95,11.13,42,73,38,32,48,7,12,0,0,5,5,10,-5
548,Martin Fehervary,24-25,WSH,D,81,1539.38,5,10,10,25,76,121,199,3.69,6.58,4.13,3.05,150,61,11,139,152,10,8,1,2,-1,0,0,0
549,Martin Necas,24-25,CAR,C,49,886.07,16,24,16,56,115,178,234,11.97,13.91,8.99,6.72,16,52,15,40,51,5,15,0,1,11,48,78,-30
551,Martin Pospisil,24-25,CGY,C,81,1118.45,4,13,8,25,115,174,235,14.24,3.48,2.3,8.18,26,53,17,301,74,22,28,4,3,5,71,104,-33
552,Mason Appleton,24-25,WPG,C,71,1053.02,10,8,4,22,109,150,187,11.78,9.17,6.67,7.85,29,38,15,76,111,11,10,0,0,-1,10,12,-2
553,Mason Lohrei,24-25,BOS,D,77,1503.62,5,9,19,33,92,153,258,7.19,5.43,3.27,4.7,103,104,36,25,121,9,11,0,0,2,0,0,0
554,Mason Marchment,24-25,DAL,L,62,951.07,22,18,7,47,134,202,257,20.99,16.42,10.89,10.39,21,58,22,77,94,24,14,1,1,-10,12,13,-1
555,Mason McTavish,24-25,ANA,C,76,1282.53,22,12,18,52,181,280,353,26.83,12.15,7.86,9.58,31,51,18,69,46,19,24,0,0,5,487,474,13
556,Matej Blumel,24-25,DAL,R,7,59.03,1,0,0,1,10,12,15,0.99,10,8.33,8.25,1,2,1,6,5,0,1,0,0,1,0,0,0
557,Mathew Barzal,24-25,NYI,C,30,610.48,6,11,3,20,78,116,171,9.17,7.69,5.17,7.91,24,36,10,24,17,2,5,0,0,3,22,30,-8
558,Mathieu Joseph,24-25,STL,R,60,714.45,4,6,4,14,69,105,138,7.84,5.8,3.81,7.47,36,25,16,121,61,9,11,0,0,2,32,32,0
559,Mathieu Olivier,24-25,CBJ,R,82,1185.65,18,6,8,32,111,152,199,13.41,16.22,11.84,8.82,80,49,22,303,71,27,13,15,15,-14,14,22,-8
560,Matias MacCelli,24-25,UTA,L,55,755.07,8,7,3,18,85,142,200,8.75,9.41,5.63,6.16,10,46,11,6,53,4,6,0,0,2,6,6,0
561,Mats Zuccarello,24-25,MIN,R,69,1356.28,19,22,13,54,152,220,294,15.4,12.5,8.64,7,48,77,29,32,51,11,25,0,0,14,14,21,-7
562,Matt Benning,24-25,S.J,D,7,91.28,0,0,0,0,7,9,15,0.29,0,0,3.22,10,4,1,9,9,2,2,0,0,0,0,0,0
563,Matt Boldy,24-25,MIN,L,82,1663.42,27,23,23,73,272,426,551,33.45,9.93,6.34,7.85,69,84,43,51,117,23,16,1,1,-7,58,67,-9
564,Matt Coronato,24-25,CGY,R,77,1353.63,24,14,9,47,180,268,375,22.51,13.33,8.96,8.4,37,48,23,36,99,10,15,1,1,5,69,90,-21
565,Matt Duchene,24-25,DAL,C,82,1405.72,30,26,26,82,150,221,295,22.41,20,13.57,10.14,21,78,21,29,58,6,9,0,0,3,440,400,40
566,Matt Dumba,24-25,DAL,D,63,963.9,1,6,3,10,57,109,199,3.15,1.75,0.92,2.89,60,62,16,70,95,20,6,2,2,-14,0,0,0
567,Matt Grzelcyk,24-25,PIT,D,82,1690.18,1,19,20,40,94,160,258,4.12,1.06,0.62,2.58,101,85,32,43,103,8,6,0,0,-2,0,0,0
568,Matt Martin,24-25,NYI,L,32,273.57,0,2,0,2,17,34,39,1.99,0,0,5.85,19,15,3,82,10,0,1,2,2,1,8,7,1
569,Matt Nieto,24-25,PIT,L,32,392,1,1,1,3,31,40,46,2.48,3.23,2.5,6.2,20,19,1,39,35,2,1,0,0,-1,2,3,-1
570,Matt Rempe,24-25,NYR,C,42,357.32,3,2,3,8,30,48,59,4.44,10,6.25,9.25,14,8,4,117,53,16,10,5,4,-7,2,11,-9
571,Matt Roy,24-25,WSH,D,69,1371.65,3,13,8,24,84,148,247,4.51,3.57,2.03,3.05,113,91,15,114,133,10,6,1,1,-4,0,0,0
572,Matt Savoie,24-25,EDM,C,4,50.07,0,1,0,1,6,10,15,1.12,0,0,11.2,1,1,1,3,2,0,0,0,0,0,4,2,2
573,Matthew Highmore,24-25,OTT,C,41,457.77,2,3,1,6,34,54,67,4.85,5.88,3.7,8.98,19,23,4,50,42,5,11,0,0,6,5,14,-9
574,Matthew Kessel,24-25,STL,D,29,381.07,0,2,1,3,17,30,55,0.84,0,0,2.8,23,31,6,21,33,5,4,0,0,-1,0,0,0
575,Matthew Knies,24-25,TOR,L,78,1444.17,29,17,12,58,152,220,258,28.7,19.08,13.18,13.05,41,51,14,181,87,19,23,1,1,4,0,1,-1
576,Matthew Poitras,24-25,BOS,C,33,431.9,1,7,3,11,29,54,75,3.65,3.45,1.85,6.76,10,28,14,12,49,4,12,0,0,8,59,70,-11
577,Matthew Tkachuk,24-25,FLA,L,52,948.03,22,23,12,57,156,237,316,24.15,14.1,9.28,10.19,12,47,10,84,27,22,22,0,1,1,1,4,-3
578,Matthew Wood,24-25,NSH,R,6,69.48,0,1,0,1,8,14,17,0.76,0,0,5.43,2,5,2,2,5,1,0,0,0,-1,1,2,-1
579,Mattias Ekholm,24-25,EDM,D,65,1442.75,9,9,15,33,145,215,330,8.27,6.21,4.19,3.85,95,83,35,41,78,15,7,0,0,-8,0,0,0
580,Mattias Janmark,24-25,EDM,C,80,1063.78,2,11,5,18,51,84,109,9.04,3.92,2.38,10.76,35,47,20,45,87,11,14,0,0,3,97,142,-45
581,Mattias Samuelsson,24-25,BUF,D,62,1196.27,4,6,4,14,52,78,106,1.61,7.69,5.13,2.06,92,55,11,104,98,6,6,0,0,0,0,0,0
582,Matty Beniers,24-25,SEA,C,82,1532.4,20,14,9,43,147,243,322,18.79,13.61,8.23,7.73,77,72,28,42,124,7,22,0,0,15,569,623,-54
583,Matvei Michkov,24-25,PHI,R,80,1334.75,26,21,16,63,199,283,359,28.38,13.07,9.19,10.03,23,82,14,29,73,18,22,0,0,4,19,22,-3
584,Maveric Lamoureux,24-25,UTA,D,15,241.87,1,1,1,3,17,28,41,0.83,5.88,3.57,2.96,11,16,3,18,24,11,3,2,1,-9,0,0,0
585,Mavrik Bourque,24-25,DAL,C,73,925.93,11,7,7,25,80,129,165,12.8,13.75,8.53,9.92,37,39,12,46,106,4,15,0,0,11,161,187,-26
586,Max Domi,24-25,TOR,C,74,1048.67,8,19,6,33,92,135,186,8.95,8.7,5.93,6.63,30,69,21,31,49,23,8,4,4,-15,273,271,2
587,Max Jones,24-25,BOS,L,7,70.07,0,0,0,0,2,3,7,0.07,0,0,2.33,3,4,0,14,4,4,2,0,0,-2,0,0,0
588,Max Jones,24-25,EDM,L,19,173.83,1,1,0,2,15,27,37,1.95,6.67,3.7,7.22,5,4,1,57,10,5,1,0,0,-4,0,0,0
589,Max Pacioretty,24-25,TOR,L,37,499.42,5,4,4,13,70,102,129,9.18,7.14,4.9,9,14,27,5,104,44,8,4,0,0,-4,6,5,1
590,Max Sasson,24-25,VAN,C,29,299.6,3,4,0,7,31,37,46,3.09,9.68,8.11,8.35,13,12,6,18,30,0,3,0,0,3,47,63,-16
591,Maxim Tsyplakov,24-25,NYI,R,77,1152.47,10,14,11,35,115,191,262,18.28,8.7,5.24,9.57,40,78,28,139,110,17,7,1,1,-10,10,13,-3
592,Maxwell Crozier,24-25,T.B,D,5,83.45,0,0,0,0,9,13,20,0.49,0,0,3.77,6,6,0,11,9,0,0,0,0,0,0,0,0
593,Michael Amadio,24-25,OTT,R,72,1014.9,11,13,3,27,86,127,165,13.11,12.79,8.66,10.32,44,36,24,108,110,9,13,0,0,4,49,47,2
594,Michael Bunting,24-25,NSH,L,18,295.98,5,3,1,9,45,64,82,7.74,11.11,7.81,12.09,6,20,3,11,10,10,6,0,0,-4,0,2,-2
595,Michael Bunting,24-25,PIT,L,58,884.68,14,9,6,29,110,173,231,17.48,12.73,8.09,10.1,13,38,10,58,54,19,19,0,0,0,5,6,-1
596,Michael Callahan,24-25,BOS,D,17,240.43,1,0,0,1,9,15,29,0.24,11.11,6.67,1.6,12,11,1,8,18,1,0,1,1,-1,0,0,0
597,Michael Carcone,24-25,UTA,L,53,605.95,7,3,9,19,75,124,181,8.68,9.33,5.65,7,11,38,6,48,52,8,9,2,1,0,5,5,0
598,Michael Eyssimont,24-25,SEA,C,20,208.62,4,2,0,6,43,64,76,5.49,9.3,6.25,8.58,4,11,6,28,35,7,7,1,1,0,5,5,0
599,Michael Eyssimont,24-25,T.B,C,57,608.65,5,1,4,10,97,135,174,9.45,5.15,3.7,7,19,22,6,82,80,17,12,2,2,-5,1,7,-6
601,Michael McCarron,24-25,NSH,C/R,74,1018.1,5,4,5,14,80,124,166,10.14,6.25,4.03,8.18,61,29,15,149,85,16,15,10,9,-2,502,421,81
602,Michael Pezzetta,24-25,MTL,L,25,148.35,0,0,0,0,14,26,31,1.9,0,0,7.31,7,9,2,73,14,7,1,2,2,-6,2,6,-4
603,Michael Rasmussen,24-25,DET,C,77,1032.77,10,7,2,19,100,148,191,16.74,10,6.76,11.31,59,42,10,141,94,7,10,2,2,3,91,105,-14
604,Mika Zibanejad,24-25,NYR,C,82,1538.5,20,31,11,62,182,304,383,25.29,10.99,6.58,8.32,46,83,29,44,51,11,17,0,0,6,549,507,42
605,Mikael Backlund,24-25,CGY,C,76,1424,15,12,5,32,174,267,348,19.04,8.62,5.62,7.13,51,68,35,40,44,16,8,0,0,-8,703,749,-46
606,Mikael Granlund,24-25,DAL,C,31,529.75,7,7,7,21,43,68,89,6.54,16.28,10.29,9.62,23,22,6,20,40,4,3,0,0,-1,33,17,16
607,Mikael Granlund,24-25,S.J,C,52,1084.52,15,24,6,45,125,174,236,12.21,12,8.62,7.02,37,57,13,37,65,10,13,0,0,3,326,347,-21
608,Mikael Pyyhtia,24-25,CBJ,L,47,568.68,4,3,0,7,32,44,71,2.63,12.5,9.09,5.98,39,26,9,24,41,3,2,0,0,-1,2,1,1
609,Mike Matheson,24-25,MTL,D,80,2006.45,6,16,9,31,149,217,366,9.41,4.03,2.76,4.34,168,107,43,59,106,18,13,1,1,-5,0,0,0
610,Mike Reilly,24-25,NYI,D,18,273.02,0,2,0,2,31,51,68,1.47,0,0,2.88,14,16,2,3,19,1,2,0,0,1,0,0,0
611,Mikey Anderson,24-25,L.A,D,77,1746.62,6,6,12,24,84,145,248,5.68,7.14,4.14,3.92,124,57,22,119,157,14,11,0,0,-3,0,0,0
612,Mikhail Sergachev,24-25,UTA,D,77,1934,15,22,16,53,132,225,368,8.39,11.36,6.67,3.73,140,126,32,61,87,18,6,0,0,-12,0,0,0
613,Mikko Rantanen,24-25,CAR,R,13,257.58,2,4,0,6,40,65,79,6.29,5,3.08,9.68,3,14,8,10,17,5,0,0,0,-5,5,5,0
614,Mikko Rantanen,24-25,COL,R,49,1102.42,25,26,13,64,135,210,286,24.91,18.52,11.9,11.86,32,48,22,28,52,14,17,0,0,3,121,106,15
615,Mikko Rantanen,24-25,DAL,R,20,382.43,5,4,9,18,37,59,78,7.59,13.51,8.47,12.86,9,20,10,10,34,6,3,0,0,-3,9,9,0
616,Miles Wood,24-25,COL,L,37,420.13,4,1,3,8,59,91,121,6.59,6.78,4.4,7.24,15,26,6,48,37,14,9,2,2,-5,3,8,-5
617,Miro Heiskanen,24-25,DAL,D,50,1258.02,5,5,15,25,108,164,287,7.73,4.63,3.05,4.71,85,67,28,17,103,5,8,0,1,4,0,0,0
618,Mitch Marner,24-25,TOR,R,81,1726.55,27,47,28,102,173,263,394,22.97,15.61,10.27,8.73,40,106,56,49,52,7,18,0,0,11,9,25,-16
619,Mitchell Chaffee,24-25,T.B,R,66,794.32,12,3,3,18,68,100,121,8.96,17.65,12,8.96,21,29,10,133,78,8,13,1,2,6,4,7,-3
620,Mitchell Stephens,24-25,SEA,C,28,258.32,1,2,0,3,19,30,37,2.2,5.26,3.33,7.33,4,8,1,25,10,3,2,0,0,-1,104,90,14
621,Morgan Barron,24-25,WPG,C,74,767.57,8,5,2,15,93,144,170,12.78,8.6,5.56,8.88,38,31,23,121,86,8,12,0,0,4,85,78,7
622,Morgan Frost,24-25,CGY,C,32,531.93,3,5,4,12,58,85,124,6.45,5.17,3.53,7.59,21,29,16,34,17,3,1,0,0,-2,223,219,4
623,Morgan Frost,24-25,PHI,C,49,744.25,11,5,9,25,87,121,157,12.8,12.64,9.09,10.58,39,37,19,35,37,8,10,0,0,2,306,285,21
624,Morgan Geekie,24-25,BOS,C,77,1302.87,33,14,10,57,151,230,308,21.03,21.85,14.35,9.14,29,51,31,108,109,11,11,0,0,0,174,200,-26
625,Morgan Rielly,24-25,TOR,D,82,1753.87,7,17,17,41,126,198,303,6.38,5.56,3.54,3.22,131,99,20,21,141,8,6,1,1,-2,0,0,0
626,Moritz Seider,24-25,DET,D,82,2055.73,8,14,24,46,162,256,368,10.67,4.94,3.12,4.17,181,85,30,210,113,20,21,0,0,1,0,0,0
627,Nate Schmidt,24-25,FLA,D,80,1322.33,5,9,5,19,70,122,207,4.04,7.14,4.1,3.31,71,88,28,82,89,10,9,2,2,-1,0,0,0
628,Nathan Bastian,24-25,N.J,R,59,645.32,4,4,2,10,44,62,84,7.88,9.09,6.45,12.71,27,24,2,137,63,8,8,1,1,0,8,17,-9
629,Nathan MacKinnon,24-25,COL,C,79,1799.82,32,53,31,116,318,433,590,31.83,10.06,7.39,7.35,58,121,27,36,69,13,24,1,1,11,758,757,1
630,Nathan Walker,24-25,STL,L,73,883.77,8,5,3,16,72,102,133,7.37,11.11,7.84,7.23,61,43,10,281,100,14,15,5,5,1,82,74,8
631,Nazem Kadri,24-25,CGY,C,82,1586.88,35,19,13,67,278,393,547,30.93,12.59,8.91,7.87,30,60,30,55,121,21,36,2,2,15,679,785,-106
632,Neal Pionk,24-25,WPG,D,69,1522.15,10,17,12,39,123,210,302,5.42,8.13,4.76,2.58,101,72,30,113,153,17,5,0,0,-12,0,0,0
633,Nic Dowd,24-25,WSH,C,82,1244.43,14,5,8,27,86,130,166,13.37,16.28,10.77,10.28,82,51,32,128,112,18,17,0,0,-1,592,603,-11
634,Nicholas Robertson,24-25,TOR,L,69,828.18,15,5,2,22,112,174,232,10.07,13.39,8.62,5.79,33,26,17,79,49,8,11,0,0,3,3,4,-1
635,Nick Bjugstad,24-25,UTA,C,66,812.88,8,8,3,19,115,161,204,11.65,6.96,4.97,7.24,29,39,12,104,68,8,9,0,0,1,207,230,-23
636,Nick Blankenburg,24-25,NSH,D,60,1173.13,4,6,6,16,83,124,193,6.42,4.82,3.23,5.18,73,50,21,53,117,12,12,0,1,1,0,0,0
637,Nick Cousins,24-25,OTT,C,50,595.13,6,6,3,15,68,95,124,7.55,8.82,6.32,7.95,26,23,5,85,69,18,16,1,1,-2,1,6,-5
638,Nick Desimone,24-25,UTA,D,20,311.65,1,2,3,6,24,36,49,1.11,4.17,2.78,3.08,14,25,5,14,33,0,0,0,0,0,0,0,0
639,Nick Foligno,24-25,CHI,L,78,1242.13,15,11,8,34,104,134,163,16.51,14.42,11.19,12.32,34,49,16,198,51,14,11,4,4,-3,341,363,-22
640,Nick Jensen,24-25,OTT,D,71,1435.65,3,7,11,21,77,121,206,3.1,3.9,2.48,2.56,95,81,19,54,155,3,10,0,0,7,0,0,0
641,Nick Leddy,24-25,STL,D,31,578.78,2,1,2,5,21,29,50,0.6,9.52,6.9,2.07,26,43,11,5,28,1,3,0,0,2,0,0,0
642,Nick Paul,24-25,T.B,L,76,1249.65,22,11,8,41,140,196,255,18.21,15.71,11.22,9.29,31,48,19,66,71,5,6,0,0,1,393,393,0
643,Nick Perbix,24-25,T.B,D,74,1086.67,6,7,6,19,66,116,190,4.42,9.09,5.17,3.81,67,62,21,50,148,10,6,0,0,-4,0,0,0
644,Nick Schmaltz,24-25,UTA,C,82,1524.23,20,22,21,63,185,264,374,25.32,10.81,7.58,9.59,45,93,31,14,61,7,15,0,0,8,185,192,-7
645,Nick Seeler,24-25,PHI,D,77,1330.53,3,7,10,20,83,145,237,3.51,3.61,2.07,2.42,200,85,23,125,110,13,10,2,2,-3,0,0,0
646,Nick Suzuki,24-25,MTL,C,82,1644.97,30,33,26,89,172,256,347,22.31,17.44,11.72,8.71,70,86,31,63,95,4,13,0,0,9,680,638,42
647,Nico Hischier,24-25,N.J,C,75,1529.1,35,22,12,69,187,268,345,32.32,18.72,13.06,12.06,60,53,24,43,86,10,30,0,0,20,987,790,197
648,Nico Sturm,24-25,FLA,C,15,169.45,0,1,0,1,21,29,40,1.92,0,0,6.62,9,4,4,37,9,1,3,1,1,2,73,70,3
649,Nico Sturm,24-25,S.J,C,47,476.15,7,4,2,13,38,58,75,5.02,18.42,12.07,8.66,25,16,3,68,30,4,3,1,1,-1,175,105,70
651,Nicolas Deslauriers,24-25,PHI,L,31,236.7,2,0,1,3,25,43,55,3.31,8,4.65,7.7,9,9,1,85,9,0,0,3,3,0,1,2,-1
652,Nicolas Hague,24-25,VGK,D,68,1155.73,5,2,5,12,74,104,177,3.62,6.76,4.81,3.48,74,56,18,81,168,10,9,4,4,-1,0,0,0
653,Nicolas Roy,24-25,VGK,C,71,1080.47,15,8,8,31,107,151,185,15.45,14.02,9.93,10.23,47,58,20,71,70,14,7,1,1,-7,372,406,-34
654,Nikita Grebenkin,24-25,TOR,R,7,61.23,0,0,0,0,2,4,6,0.5,0,0,12.5,1,1,1,13,9,1,1,0,0,0,1,0,1
655,Nikita Kucherov,24-25,T.B,R,78,1652.67,37,56,28,121,266,379,550,28.06,13.91,9.76,7.4,33,122,30,23,62,15,28,1,0,12,1,1,0
656,Nikita Nesterenko,24-25,ANA,C,20,206.33,4,2,0,6,20,32,41,2.88,20,12.5,9,7,7,2,46,8,1,2,0,0,1,0,3,-3
657,Nikita Prishchepov,24-25,COL,C,10,63.67,0,0,0,0,4,7,10,0.26,0,0,3.71,2,2,0,10,3,0,1,0,0,1,0,0,0
658,Nikita Zadorov,24-25,BOS,D,81,1668.58,4,6,12,22,105,164,267,6.16,3.81,2.44,3.76,107,104,25,219,127,40,15,7,7,-25,0,0,0
659,Niko Mikkola,24-25,FLA,D,76,1534.8,6,3,12,21,116,176,264,5.39,5.17,3.41,3.06,88,99,15,137,179,30,17,0,0,-13,0,0,0
660,Nikolai Kovalenko,24-25,COL,R,28,336.12,4,2,2,8,27,47,58,3.51,14.81,8.51,7.47,13,17,8,33,33,5,8,0,0,3,0,5,-5
661,Nikolai Kovalenko,24-25,S.J,R,29,367.28,3,6,3,12,18,30,39,2.51,16.67,10,8.37,11,23,8,50,33,3,5,0,0,2,2,2,0
662,Nikolaj Ehlers,24-25,WPG,L,69,1090.02,24,27,12,63,174,281,366,21.46,13.79,8.54,7.64,33,52,16,38,67,6,23,1,1,17,5,14,-9
663,Nikolas Matinpalo,24-25,OTT,D,41,517,1,2,1,4,43,63,94,1.7,2.33,1.59,2.7,29,31,8,25,105,10,3,0,0,-7,0,0,0
664,Nils Aman,24-25,VAN,C,19,199.2,1,1,4,6,8,13,20,1.45,12.5,7.69,11.15,2,3,3,22,16,1,1,0,0,0,28,46,-18
665,Nils Hoglander,24-25,VAN,L,72,873.33,8,10,6,24,84,118,152,11.96,9.52,6.78,10.14,23,36,13,74,69,15,19,0,0,4,0,1,-1
666,Nils Lundkvist,24-25,DAL,D,39,585.43,0,3,2,5,52,80,145,1.91,0,0,2.39,34,31,6,23,74,10,2,0,0,-8,0,0,0
667,Nino Niederreiter,24-25,WPG,R,82,1217.87,17,13,7,37,149,220,270,23.38,11.41,7.73,10.63,39,60,17,151,119,12,14,0,0,2,20,26,-6
668,Noah Cates,24-25,PHI,L,78,1238.43,16,14,7,37,110,163,214,18.5,14.55,9.82,11.35,54,32,21,87,63,7,13,0,0,6,491,614,-123
669,Noah Dobson,24-25,NYI,D,71,1651.4,10,16,13,39,196,295,437,10.19,5.1,3.39,3.45,126,108,36,56,157,15,10,0,0,-5,0,0,0
670,Noah Gregor,24-25,OTT,L,40,453.77,4,2,0,6,46,84,115,5.16,8.7,4.76,6.14,25,14,5,76,30,6,4,1,1,-2,3,3,0
671,Noah Gregor,24-25,S.J,L,12,123.65,0,0,1,1,14,23,30,1,0,0,4.35,8,3,2,18,9,3,2,1,1,-1,1,0,1
672,Noah Hanifin,24-25,VGK,D,80,1724.2,10,17,12,39,145,207,329,6.96,6.9,4.83,3.36,106,112,32,42,130,7,4,0,0,-3,0,0,0
673,Noah Juulsen,24-25,VAN,D,35,570.17,0,0,0,0,26,36,70,0.8,0,0,2.22,60,40,12,101,78,8,6,1,1,-2,0,0,0
674,Noah Ostlund,24-25,BUF,C,8,84.33,0,0,0,0,4,8,13,0.65,0,0,8.12,3,4,2,1,4,1,1,0,0,0,8,14,-6
675,Noah Philp,24-25,EDM,C,15,136.13,0,1,1,2,17,27,35,1.88,0,0,6.96,7,8,1,15,10,1,0,0,0,-1,40,62,-22
676,Noel Acciari,24-25,PIT,C,79,1087,5,5,2,12,75,115,151,11.6,6.67,4.35,10.09,100,33,14,180,81,8,18,0,0,10,320,278,42
677,Nolan Allan,24-25,CHI,D,43,650.52,1,3,4,8,17,33,64,0.91,5.88,3.03,2.76,48,22,8,61,92,8,0,0,0,-8,0,0,0
678,Nolan Foote,24-25,N.J,L,7,68.67,0,0,1,1,5,12,15,0.45,0,0,3.75,1,2,1,11,9,0,0,0,0,0,1,1,0
679,Olen Zellweger,24-25,ANA,D,62,1175.42,7,8,5,20,130,199,302,7.15,5.38,3.52,3.59,72,61,21,37,126,10,12,0,0,2,0,0,0
680,Oliver Bjorkstrand,24-25,SEA,R,61,943.87,16,18,3,37,124,176,244,12.12,12.9,9.09,6.89,15,56,21,61,54,2,5,2,2,3,2,5,-3
681,Oliver Bjorkstrand,24-25,T.B,R,18,252.85,5,2,2,9,30,46,59,4.18,16.67,10.87,9.09,11,9,5,13,28,2,1,0,0,-1,1,2,-1
682,Oliver Ekman-Larsson,24-25,TOR,D,77,1622.27,4,9,16,29,119,188,289,5.89,3.36,2.13,3.13,83,95,28,108,97,26,14,0,0,-12,0,0,0
683,Oliver Kapanen,24-25,MTL,C,18,196.02,0,0,2,2,15,23,35,1.57,0,0,6.83,8,8,1,1,15,1,4,0,0,3,24,32,-8
684,Oliver Kylington,24-25,ANA,D,6,64.75,0,1,0,1,2,4,7,0.13,0,0,3.25,3,4,0,1,4,2,0,0,0,-2,0,0,0
685,Oliver Kylington,24-25,COL,D,13,168.85,1,3,0,4,4,9,24,0.22,25,11.11,2.44,15,11,5,2,11,2,0,0,0,-2,0,0,0
686,Oliver Moore,24-25,CHI,C,9,122.2,0,2,2,4,10,13,16,0.36,0,0,2.77,2,11,1,6,17,2,1,0,0,-1,11,16,-5
687,Oliver Wahlstrom,24-25,BOS,R,16,168.1,1,0,1,2,24,31,51,2.49,4.17,3.23,8.03,12,3,2,27,15,4,2,2,1,-3,5,1,4
688,Oliver Wahlstrom,24-25,NYI,R,27,271.62,2,1,1,4,30,41,54,1.99,6.67,4.88,4.85,18,8,3,7,17,2,3,1,1,1,1,1,0
689,Olle Lycksell,24-25,PHI,R,19,225.93,0,3,2,5,10,24,34,1.82,0,0,7.58,5,17,4,9,11,1,3,0,0,2,2,2,0
690,Olli Maatta,24-25,DET,D,7,111.1,0,0,0,0,3,4,8,0.23,0,0,5.75,7,8,1,3,8,0,1,0,0,1,0,0,0
691,Olli Maatta,24-25,UTA,D,70,1394.53,2,9,7,18,71,114,171,4.13,2.82,1.75,3.62,117,96,25,22,177,8,8,0,0,0,0,0,0
692,Ondrej Palat,24-25,N.J,L,77,1059.08,15,4,9,28,95,150,192,13.35,15.79,10,8.9,58,56,24,123,81,6,20,0,0,14,4,16,-12
693,Oskar Back,24-25,DAL,C,73,854.37,4,9,3,16,44,77,97,7.65,9.09,5.19,9.94,35,54,12,28,97,5,8,0,0,3,90,83,7
694,Oskar Sundqvist,24-25,STL,C,67,885.15,6,8,6,20,60,97,130,10.57,10,6.19,10.9,53,41,19,78,66,16,18,0,0,2,260,312,-52
695,Owen Beck,24-25,MTL,C,12,119.8,0,0,1,1,10,15,18,0.8,0,0,5.33,8,11,1,23,26,0,2,0,0,2,21,18,3
696,Owen Pickering,24-25,PIT,D,25,370.42,1,0,2,3,15,27,51,0.55,6.67,3.7,2.04,19,11,5,13,29,3,2,0,0,-1,0,0,0
697,Owen Power,24-25,BUF,D,79,1683.73,7,16,17,40,139,198,299,7.9,5.04,3.54,3.99,109,73,26,26,119,8,6,0,0,-2,0,0,0
698,Owen Tippett,24-25,PHI,R,77,1231.37,20,16,7,43,188,295,424,17.23,10.64,6.78,5.84,63,58,32,115,92,8,10,0,0,2,7,11,-4
699,Ozzy Wiesblatt,24-25,NSH,C,5,55.5,0,1,0,1,4,6,10,0.36,0,0,6,3,1,0,13,9,0,1,0,0,1,0,0,0
701,Parker Wotherspoon,24-25,BOS,D,55,991.6,1,5,1,7,43,63,102,1.37,2.33,1.59,2.17,66,68,15,74,98,5,10,0,0,5,0,0,0
702,Patrick Brown,24-25,BOS,C,15,158.48,0,1,0,1,11,16,22,1.04,0,0,6.5,12,10,3,46,15,4,1,0,0,-3,20,24,-4
703,Patrick Giles,24-25,FLA,R,9,66.45,0,0,0,0,4,6,6,0.37,0,0,6.17,4,5,0,15,6,0,0,0,0,0,14,33,-19
704,Patrick Giles,24-25,S.J,R,8,90.48,1,0,0,1,11,14,15,0.9,9.09,7.14,6.43,3,3,1,5,5,0,0,0,0,0,19,31,-12
705,Patrick Kane,24-25,DET,R,72,1294.52,21,17,21,59,175,254,334,18.24,12,8.27,7.18,23,77,13,19,18,6,9,0,0,3,5,8,-3
706,Patrick Maroon,24-25,CHI,L,68,784.73,5,11,3,19,74,110,133,11.11,6.76,4.55,10.1,9,37,4,100,40,16,8,9,9,-8,36,42,-6
707,Patrik Laine,24-25,MTL,L,52,743.98,20,8,5,33,116,164,215,11.56,17.24,12.2,7.05,28,38,13,26,41,7,6,0,0,-1,11,14,-3
708,Paul Cotter,24-25,N.J,C,79,1033.18,16,4,2,22,90,146,202,13.04,17.78,10.96,8.93,32,39,17,244,125,21,16,2,1,-6,41,37,4
709,Pavel Buchnevich,24-25,STL,L,76,1445.78,20,21,16,57,145,219,295,22.71,13.79,9.13,10.37,32,70,15,44,45,9,7,1,2,-1,85,143,-58
710,Pavel Dorofeyev,24-25,VGK,L,82,1355.18,35,8,9,52,253,355,436,27.29,13.83,9.86,7.69,37,55,24,28,90,15,11,0,0,-4,3,13,-10
711,Pavel Mintyukov,24-25,ANA,D,68,1196.52,5,9,5,19,70,114,181,5.24,7.14,4.39,4.6,92,62,13,81,70,10,5,0,0,-5,0,0,0
712,Pavel Zacha,24-25,BOS,C,82,1561.78,14,21,12,47,131,198,256,20.66,10.69,7.07,10.43,26,62,24,63,47,8,8,1,1,0,393,345,48
713,Peyton Krebs,24-25,BUF,C,81,1128.58,10,8,10,28,80,139,199,10.51,12.5,7.19,7.56,32,46,10,132,109,15,26,4,4,11,326,339,-13
714,Philip Broberg,24-25,STL,D,68,1393.98,8,10,11,29,97,154,238,4.88,8.25,5.19,3.17,103,103,22,43,136,8,9,0,0,1,0,0,0
715,Philip Tomasino,24-25,NSH,C/R,11,124.32,0,0,1,1,17,22,27,2.03,0,0,9.23,3,8,2,10,15,0,2,0,0,2,4,4,0
716,Philip Tomasino,24-25,PIT,R,50,672.75,11,9,3,23,88,119,150,9.47,12.5,9.24,7.96,20,24,15,53,64,4,7,0,0,3,1,8,-7
717,Philipp Kurashev,24-25,CHI,C,51,699.68,7,3,4,14,54,86,112,6.33,12.96,8.14,7.36,16,27,13,28,31,7,8,0,0,1,97,109,-12
718,Philippe Myers,24-25,TOR,D,36,584.28,2,0,3,5,46,71,121,1.47,4.35,2.82,2.07,42,45,13,76,58,5,2,1,1,-3,0,0,0
719,Phillip Danault,24-25,L.A,C,80,1414.32,8,28,7,43,122,182,239,15.74,6.56,4.4,8.65,73,86,25,83,55,13,17,0,0,4,635,581,54
720,Phillip Di Giuseppe,24-25,VAN,L,20,231.3,1,2,3,6,23,28,38,1.89,4.35,3.57,6.75,6,4,1,54,11,2,4,0,0,2,1,4,-3
721,Pierre-Luc Dubois,24-25,WSH,L,82,1418.58,20,29,17,66,143,227,288,25.97,13.99,8.81,11.44,62,65,15,65,101,33,27,0,0,-6,578,583,-5
722,Pierre-Olivier Joseph,24-25,PIT,D,24,415.83,0,1,0,1,20,36,75,0.8,0,0,2.22,23,25,13,23,29,11,3,0,0,-8,0,0,0
723,Pierre-Olivier Joseph,24-25,STL,D,23,301.45,0,1,1,2,22,26,47,0.64,0,0,2.46,13,28,7,13,28,4,2,1,1,-2,0,0,0
724,Pierre Engvall,24-25,NYI,L,62,732.68,8,2,5,15,92,116,161,8.14,8.7,6.9,7.02,12,36,7,47,40,8,3,0,0,-5,10,24,-14
725,Pius Suter,24-25,VAN,C,81,1404.83,25,12,9,46,138,195,263,21.21,18.12,12.82,10.88,43,52,19,59,43,9,5,0,0,-4,373,501,-128
726,Pontus Holmberg,24-25,TOR,R,68,861.03,7,5,7,19,69,108,150,10.12,10.14,6.48,9.37,53,26,9,46,74,11,27,1,1,16,139,146,-7
727,Quinn Hughes,24-25,VAN,D,68,1749.43,16,34,26,76,194,305,494,9.74,8.25,5.25,3.19,67,97,25,13,81,7,18,1,0,10,0,0,0
728,Quinton Byfield,24-25,L.A,R,81,1508.6,23,13,18,54,160,268,355,25.39,14.37,8.58,9.47,33,68,24,80,136,24,26,0,1,3,416,526,-110
729,Radek Faksa,24-25,STL,C,70,911.65,5,7,3,15,68,107,144,6.94,7.35,4.67,6.49,50,32,13,116,98,15,9,0,0,-6,432,326,106
730,Radko Gudas,24-25,ANA,D,81,1609.1,1,11,4,16,89,148,252,3.33,1.12,0.68,2.25,178,104,15,257,112,33,16,2,2,-17,0,0,0
731,Raphael Lavoie,24-25,VGK,C,9,90.73,0,0,0,0,10,17,25,1.74,0,0,10.24,0,3,0,16,10,1,1,0,0,0,0,2,-2
732,Rasmus Andersson,24-25,CGY,D,81,1942.7,11,7,13,31,163,258,378,8.49,6.75,4.26,3.29,196,107,30,36,114,25,20,0,0,-5,0,0,0
733,Rasmus Dahlin,24-25,BUF,D,73,1769.62,17,27,23,67,200,277,433,11.12,8.5,6.14,4.01,98,105,39,98,145,27,27,0,0,0,0,0,0
734,Rasmus Kupari,24-25,WPG,C,59,605.02,5,3,0,8,53,76,99,5.81,9.43,6.58,7.64,31,30,9,77,57,8,9,0,0,1,262,237,25
735,Rasmus Ristolainen,24-25,PHI,D,63,1293.03,4,4,11,19,100,141,193,5.74,4,2.84,4.07,94,52,25,97,119,7,6,0,0,-1,0,0,0
736,Rasmus Sandin,24-25,WSH,D,82,1573.62,4,14,12,30,79,144,226,4.78,5.06,2.78,3.32,122,71,26,92,153,9,10,1,1,1,0,0,0
737,Reilly Smith,24-25,NYR,R,58,904.62,10,10,9,29,90,125,153,12.65,11.11,8,10.12,34,50,19,42,36,11,6,0,0,-5,1,2,-1
738,Reilly Smith,24-25,VGK,R,21,315.2,3,5,3,11,39,52,61,5.26,7.69,5.77,10.12,7,20,6,6,16,1,1,0,0,0,3,5,-2
739,Rickard Rakell,24-25,PIT,R,81,1563.1,35,19,16,70,203,321,409,31.51,17.24,10.9,9.82,77,77,20,115,127,7,12,0,0,5,19,26,-7
740,Ridly Greig,24-25,OTT,C,78,1332.23,13,14,7,34,119,189,235,20.52,10.92,6.88,10.86,47,35,20,138,133,25,19,2,2,-6,208,172,36
741,Riley Tufte,24-25,BOS,L,6,55.17,0,0,0,0,1,1,5,0.02,0,0,2,1,3,0,8,4,2,1,0,0,-1,1,1,0
742,Robby Fabbri,24-25,ANA,C,44,713,8,6,2,16,65,88,111,8.12,12.31,9.09,9.23,29,30,14,55,48,10,8,0,0,-2,72,84,-12
743,Robert Bortuzzo,24-25,UTA,D,17,186.2,0,1,1,2,7,12,18,0.47,0,0,3.92,26,18,0,21,24,6,3,2,2,-3,0,0,0
744,Robert Thomas,24-25,STL,C,70,1397.07,21,35,25,81,145,222,308,17.87,14.48,9.46,8.05,48,99,22,13,73,10,15,0,0,5,733,605,128
745,Rodrigo Abols,24-25,PHI,C,22,202.18,2,1,2,5,25,35,48,3.39,8,5.71,9.69,12,14,4,25,18,2,2,0,0,0,66,47,19
746,Roman Josi,24-25,NSH,D,53,1326.72,9,19,10,38,150,234,368,12.07,6,3.85,5.16,95,75,23,42,57,9,8,0,0,-1,0,0,0
747,Roope Hintz,24-25,DAL,C,76,1283.73,28,27,12,67,160,226,285,25.74,17.5,12.39,11.39,46,70,17,53,68,15,19,0,0,4,458,392,66
748,Rory Kerins,24-25,CGY,C,5,61.13,0,1,3,4,3,8,13,1.27,0,0,15.88,2,5,0,4,2,0,1,0,0,1,2,4,-2
749,Ross Colton,24-25,COL,C,61,879.62,16,8,5,29,125,199,253,19.58,12.8,8.04,9.84,42,47,15,145,73,9,11,0,0,2,39,57,-18
751,Rutger McGroarty,24-25,PIT,R,8,116.88,1,2,0,3,11,20,22,1.19,9.09,5,5.95,5,5,2,12,9,0,1,0,0,1,0,1,-1
752,Ryan Donato,24-25,CHI,C,80,1304.73,31,25,6,62,182,261,336,21.11,17.03,11.88,8.09,18,48,23,104,102,13,14,1,1,1,234,290,-56
753,Ryan Graves,24-25,PIT,D,61,914.4,1,0,3,4,39,72,134,1.47,2.56,1.39,2.04,73,63,18,75,73,7,12,1,1,5,0,0,0
754,Ryan Hartman,24-25,MIN,R,69,1032.97,11,11,4,26,158,229,300,17.15,6.96,4.8,7.49,41,66,21,73,60,20,28,3,2,7,282,309,-27
755,Ryan Johnson (D),24-25,BUF,D,3,53,0,0,0,0,3,9,12,0.48,0,0,5.33,4,2,0,1,9,2,0,0,0,-2,0,0,0
756,Ryan Leonard,24-25,WSH,R,9,127.6,1,0,0,1,17,22,31,2.46,5.88,4.55,11.18,4,6,4,18,15,3,5,1,1,2,1,0,1
757,Ryan Lindgren,24-25,COL,D,18,341.85,2,1,0,3,21,34,59,0.72,9.52,5.88,2.12,26,17,2,21,39,2,4,0,0,2,0,0,0
758,Ryan Lindgren,24-25,NYR,D,54,1076.78,2,4,13,19,41,74,145,2.63,4.88,2.7,3.55,102,55,10,59,90,18,12,0,0,-6,0,0,0
759,Ryan Lomberg,24-25,CGY,L,80,692.4,3,7,3,13,66,100,127,6.57,4.55,3,6.57,19,18,11,120,40,11,7,7,7,-4,5,11,-6
760,Ryan McDonagh,24-25,T.B,D,82,1670.37,4,12,15,31,78,127,195,4.19,5.13,3.15,3.3,152,115,24,23,85,11,3,0,0,-8,0,0,0
761,Ryan McLeod,24-25,BUF,C,79,1329.12,20,18,15,53,98,153,200,15.66,20.41,13.07,10.24,35,70,26,17,68,8,10,0,0,2,630,574,56
762,Ryan Nugent-Hopkins,24-25,EDM,C,78,1479.88,20,22,7,49,165,232,294,24.21,12.12,8.62,10.44,48,49,29,26,57,12,8,0,0,-4,270,287,-17
763,Ryan O'Reilly,24-25,NSH,C,79,1499.83,21,17,15,53,151,227,270,27.59,13.91,9.25,12.15,72,64,31,20,43,7,11,2,2,4,748,592,156
764,Ryan Poehling,24-25,PHI,C,68,943.83,12,11,8,31,72,105,142,9.31,16.67,11.43,8.87,79,43,11,26,73,8,7,0,0,-1,375,362,13
765,Ryan Pulock,24-25,NYI,D,74,1560.85,5,11,7,23,97,141,226,4.13,5.15,3.55,2.93,155,78,32,100,111,8,9,0,0,1,0,0,0
766,Ryan Reaves,24-25,TOR,R,35,273.02,0,1,1,2,14,25,31,1.39,0,0,5.56,8,10,4,103,10,4,4,2,1,-1,0,1,-1
767,Ryan Shea,24-25,PIT,D,39,652.32,2,3,0,5,19,38,65,0.76,10.53,5.26,2,51,35,14,20,61,7,3,0,0,-4,0,0,0
768,Ryan Strome,24-25,ANA,C,82,1367.97,10,23,8,41,137,211,263,20.2,7.3,4.74,9.57,36,66,19,52,35,25,10,2,2,-15,511,715,-204
769,Ryan Suter,24-25,STL,D,82,1596.62,2,7,6,15,62,96,158,3.08,3.23,2.08,3.21,109,64,15,40,70,12,4,0,0,-8,0,0,0
770,Ryan Winterton,24-25,SEA,C,12,130,0,1,0,1,15,17,24,0.92,0,0,5.41,6,4,1,20,9,1,3,0,0,2,1,1,0
771,Ryker Evans,24-25,SEA,D,73,1422.08,5,10,9,24,59,109,174,3.37,8.47,4.59,3.09,106,73,12,123,125,15,9,0,0,-6,0,0,0
772,Sam Bennett,24-25,FLA,C,76,1326.47,25,17,9,51,239,330,420,30.2,10.46,7.58,9.15,45,57,27,143,48,30,18,4,4,-12,452,521,-69
773,Sam Carrick,24-25,NYR,C,80,954.52,6,9,5,20,84,124,164,10.15,7.14,4.84,8.19,42,52,16,137,73,19,8,4,4,-11,375,317,58
774,Sam Colangelo,24-25,ANA,R,32,399.57,10,2,0,12,41,68,88,6.63,24.39,14.71,9.75,17,17,1,67,34,1,2,0,0,1,4,11,-7
775,Sam Lafferty,24-25,BUF,C,60,592.42,4,1,2,7,50,68,93,4.12,8,5.88,6.06,16,22,5,88,51,14,8,0,0,-6,79,77,2
776,Sam Malinski,24-25,COL,D,76,1212.23,5,6,4,15,115,161,279,3.89,4.35,3.11,2.42,107,68,29,56,195,8,8,0,0,0,0,0,0
777,Sam Poulin,24-25,PIT,R,7,70.52,0,0,1,1,3,9,11,0.55,0,0,6.11,0,7,2,10,9,1,1,0,0,0,0,0,0
778,Sam Reinhart,24-25,FLA,C,79,1619.68,39,24,18,81,213,334,424,33.54,18.31,11.68,10.04,62,74,24,102,102,6,12,1,0,5,212,302,-90
779,Sam Rinzel,24-25,CHI,D,9,210.25,0,1,4,5,22,36,51,1.45,0,0,4.03,5,13,2,12,11,0,1,0,0,1,0,0,0
780,Sam Steel,24-25,DAL,C,79,1117.08,6,9,9,24,89,124,177,8.2,6.74,4.84,6.61,26,41,13,59,94,13,21,1,1,8,214,186,28
781,Samuel Girard,24-25,COL,D,73,1522,3,10,11,24,95,141,227,4,3.16,2.13,2.84,111,86,24,61,86,7,10,0,0,3,0,0,0
782,Samuel Helenius,24-25,L.A,C,50,432.72,4,1,2,7,29,48,64,3.3,13.79,8.33,6.87,16,22,4,150,31,5,1,3,3,-4,130,148,-18
783,Samuel Honzek,24-25,CGY,L,5,61.97,0,0,0,0,6,8,8,1.31,0,0,16.38,2,4,1,6,6,1,1,0,0,0,0,1,-1
784,Scott Laughton,24-25,PHI,C,60,906,11,11,5,27,105,156,192,14.82,10.48,7.05,9.5,33,48,14,129,28,8,8,1,1,0,189,192,-3
785,Scott Laughton,24-25,TOR,C,20,262.03,2,1,1,4,20,37,45,2.27,10,5.41,6.14,21,11,5,49,13,3,1,1,1,-2,64,53,11
786,Scott Mayfield,24-25,NYI,D,66,1122.05,3,3,3,9,51,87,151,2.36,5.88,3.45,2.71,105,59,27,89,81,12,11,1,1,-1,0,0,0
787,Scott Morrow,24-25,CAR,D,14,221.17,1,2,3,6,23,35,61,1.08,4.35,2.86,3.09,16,21,5,3,17,0,1,0,0,1,0,0,0
788,Scott Perunovich,24-25,NYI,D,11,209.42,0,2,1,3,9,11,17,0.17,0,0,1.55,16,11,6,6,15,2,2,0,0,0,0,0,0
789,Scott Perunovich,24-25,STL,D,24,350.8,2,2,2,6,9,17,26,0.52,22.22,11.76,3.06,21,18,4,9,24,3,4,0,0,1,0,0,0
790,Seamus Casey,24-25,N.J,D,14,176.75,4,2,2,8,12,14,28,0.44,33.33,28.57,3.14,7,16,2,10,18,0,2,0,0,2,0,0,0
791,Sean Couturier,24-25,PHI,C,79,1366.2,15,19,11,45,155,206,258,21.82,9.68,7.28,10.59,45,78,28,54,72,18,14,1,1,-4,669,526,143
792,Sean Durzi,24-25,UTA,D,30,619.35,4,3,4,11,39,68,131,3.34,10.26,5.88,4.91,52,46,11,15,60,7,4,1,1,-3,0,0,0
793,Sean Kuraly,24-25,CBJ,C,82,964.65,6,9,2,17,88,145,194,10.41,6.82,4.14,7.18,45,38,17,162,51,15,12,2,2,-3,316,265,51
794,Sean Monahan,24-25,CBJ,C,54,1026.8,19,24,14,57,129,175,215,20.56,14.73,10.86,11.75,34,52,13,30,29,10,6,0,0,-4,616,556,60
795,Sean Walker,24-25,CAR,D,82,1380.35,5,6,5,16,145,223,375,7.89,3.45,2.24,3.54,90,67,40,91,189,24,8,0,0,-16,0,0,0
796,Sebastian Aho,24-25,CAR,C,79,1587.93,29,33,12,74,207,338,447,27.93,14.01,8.58,8.26,30,93,23,59,78,23,22,0,0,-1,663,535,128
797,Seth Jarvis,24-25,CAR,C,73,1413,32,22,13,67,204,313,392,32.62,15.69,10.22,10.42,51,58,32,92,145,8,23,0,0,15,52,100,-48
798,Seth Jones,24-25,CHI,D,42,1029.2,7,12,8,27,80,117,195,4.23,8.75,5.98,3.62,83,56,18,62,57,9,4,0,0,-5,0,0,0
799,Seth Jones,24-25,FLA,D,21,523.22,2,5,2,9,47,73,109,2.18,4.26,2.74,2.99,26,26,8,34,43,2,1,0,0,-1,0,0,0
801,Shane Pinto,24-25,OTT,C,70,1228.98,21,11,5,37,127,202,268,25.4,16.54,10.4,12.57,56,44,27,73,58,13,19,0,0,6,444,442,2
802,Shane Wright,24-25,SEA,C,79,1111.38,19,15,10,44,91,161,204,16.51,20.88,11.8,10.25,62,73,14,54,87,9,10,0,0,1,368,463,-95
803,Shayne Gostisbehere,24-25,CAR,D,70,1296.5,7,12,26,45,121,205,329,7.67,5.79,3.41,3.74,66,76,36,40,49,21,10,0,0,-11,0,0,0
804,Shea Theodore,24-25,VGK,D,67,1473.48,7,28,22,57,128,185,333,6.91,5.47,3.78,3.74,82,105,28,6,85,13,7,0,0,-6,0,0,0
805,Sidney Crosby,24-25,PIT,C,80,1629.93,33,33,25,91,227,339,415,35.22,14.54,9.73,10.39,39,86,29,66,44,13,17,1,1,4,1017,765,252
806,Simon Benoit,24-25,TOR,D,78,1290.52,1,4,5,10,48,72,102,1.61,2.08,1.39,2.24,111,70,16,204,127,22,9,3,3,-13,0,0,0
807,Simon Edvinsson,24-25,DET,D,78,1647.5,7,14,9,30,86,131,215,6.42,8.14,5.34,4.9,144,91,26,86,160,21,11,1,1,-10,0,0,0
808,Simon Holmstrom,24-25,NYI,R,75,1266.32,20,17,8,45,96,165,208,14.71,20.83,12.12,8.92,55,48,13,27,53,4,13,0,0,9,1,4,-3
809,Simon Nemec,24-25,N.J,D,27,404.48,2,0,2,4,26,41,63,0.91,7.69,4.88,2.22,26,24,5,2,24,7,3,0,0,-4,0,0,0
810,Spencer Stastney,24-25,NSH,D,23,372.05,0,1,2,3,15,27,43,1,0,0,3.7,24,20,5,8,34,2,1,0,0,-1,0,0,0
811,Stefan Noesen,24-25,N.J,R,78,1242.75,22,15,4,41,165,249,285,31.79,13.33,8.84,12.77,26,73,14,149,63,17,11,2,1,-7,41,44,-3
812,Steven Lorentz,24-25,TOR,C,80,844.23,8,5,6,19,76,112,140,8.64,10.53,7.14,7.71,55,25,12,199,77,2,6,1,1,4,12,21,-9
813,Steven Stamkos,24-25,NSH,C,82,1475.98,27,18,7,52,173,257,355,22.69,15.61,10.51,8.83,46,57,18,66,51,24,13,0,0,-11,394,399,-5
814,Tage Thompson,24-25,BUF,C,76,1425.48,44,18,10,72,242,355,506,24.6,18.18,12.39,6.93,31,54,21,69,68,10,10,1,2,1,301,403,-102
815,Tanner Jeannot,24-25,L.A,L,67,738.1,7,2,4,13,56,98,129,8.96,12.5,7.14,9.14,37,36,3,209,80,17,12,9,8,-6,8,10,-2
816,Tanner Laczynski,24-25,VGK,C,8,68.8,1,0,0,1,2,4,6,0.66,50,25,16.5,3,0,0,3,12,3,1,0,0,-2,16,21,-5
817,Tanner Pearson,24-25,VGK,L,78,919.35,12,9,6,27,110,158,202,14.79,10.91,7.59,9.36,45,46,15,95,76,4,11,0,0,7,6,18,-12
818,Taylor Hall,24-25,CAR,L,31,478.87,9,5,4,18,62,100,138,7.26,14.52,9,7.26,13,36,9,20,56,10,9,0,0,-1,11,10,1
819,Taylor Hall,24-25,CHI,L,46,689.4,9,10,5,24,83,112,170,8.46,10.84,8.04,7.55,29,40,25,22,57,8,6,0,1,-1,32,40,-8
820,Taylor Raddysh,24-25,WSH,R,80,988.87,7,8,12,27,93,137,186,13.36,7.53,5.11,9.75,28,44,11,59,45,9,11,0,0,2,9,20,-11
821,Teddy Blueger,24-25,VAN,C,82,1174,8,11,7,26,94,153,186,14.03,8.51,5.23,9.17,43,50,22,104,61,17,12,1,1,-5,510,505,5
822,Teuvo Teravainen,24-25,CHI,C,82,1398.95,15,25,18,58,111,163,224,12.34,13.51,9.2,7.57,29,76,23,27,37,6,6,0,0,0,60,93,-33
823,Thomas Chabot,24-25,OTT,D,80,1841.95,9,18,18,45,178,257,446,9.29,5.06,3.5,3.61,144,99,31,58,116,12,10,0,0,-2,0,0,0
824,Thomas Harley,24-25,DAL,D,78,1823.62,16,14,20,50,171,249,396,9.77,9.36,6.43,3.92,110,118,29,33,153,8,4,0,0,-4,0,0,0
825,Thomas Novak,24-25,NSH,C,52,688.45,13,7,2,22,87,117,146,10.15,14.94,11.11,8.68,21,47,11,6,81,2,4,0,0,2,92,122,-30
826,Tim Stützle,24-25,OTT,C,82,1624.67,24,27,28,79,162,230,326,20.79,14.81,10.43,9.04,45,69,23,128,132,18,37,0,1,20,194,214,-20
827,Timo Meier,24-25,N.J,R,80,1428.73,26,14,13,53,238,387,525,31.36,10.92,6.72,8.1,65,73,22,137,107,14,20,2,0,4,8,18,-10
828,Timothy Liljegren,24-25,S.J,D,67,1291.45,6,3,8,17,102,163,251,4.5,5.88,3.68,2.76,109,63,15,64,121,19,8,0,0,-11,0,0,0
829,Tj Brodie,24-25,CHI,D,54,844.15,2,1,7,10,23,46,77,1.48,8.7,4.35,3.22,58,46,14,16,96,9,3,0,0,-6,0,0,0
830,Tj Tynan,24-25,COL,C,9,70.72,0,0,1,1,4,8,10,0.9,0,0,11.25,4,5,0,5,6,2,0,0,0,-2,7,14,-7
831,Tobias Bjornfot,24-25,FLA,D,14,183.32,0,0,0,0,10,18,28,0.68,0,0,3.78,10,6,1,13,26,1,1,0,0,0,0,0,0
832,Tom Wilson,24-25,WSH,R,81,1516.87,33,21,11,65,170,264,335,30.27,19.41,12.5,11.47,71,91,20,233,83,30,33,4,4,3,5,14,-9
833,Tomas Hertl,24-25,VGK,C,73,1249.52,32,16,13,61,176,264,319,32.25,18.18,12.12,12.22,56,45,29,99,68,10,8,0,0,-2,539,420,119
834,Tomas Nosek,24-25,FLA,L,59,579.2,1,6,2,9,47,80,114,7.52,2.13,1.25,9.4,24,20,5,83,59,5,7,0,0,2,236,220,16
835,Tomas Tatar,24-25,N.J,L,74,821.42,7,4,6,17,66,90,130,8.59,10.61,7.78,9.54,19,35,7,56,58,10,7,0,0,-3,10,9,1
836,Tony Deangelo,24-25,NYI,D,35,816.98,4,8,7,19,76,102,167,3.76,5.26,3.92,3.69,42,44,6,17,28,5,3,0,0,-2,0,0,0
837,Travis Dermott,24-25,EDM,D,10,130.75,0,0,0,0,4,7,13,0.2,0,0,2.86,10,6,1,6,19,1,1,0,0,0,0,0,0
838,Travis Dermott,24-25,MIN,D,9,102.43,0,0,0,0,5,8,12,0.14,0,0,1.75,6,3,2,0,7,0,0,0,0,0,0,0,0
839,Travis Hamonic,24-25,OTT,D,59,1006.95,1,1,5,7,72,120,191,2.51,1.39,0.83,2.09,92,62,17,73,93,7,5,1,1,-2,0,0,0
840,Travis Konecny,24-25,PHI,R,82,1689.35,24,35,17,76,188,296,404,22.6,12.77,8.11,7.64,42,96,26,94,81,24,27,1,1,3,39,61,-22
841,Travis Sanheim,24-25,PHI,D,82,2008.6,8,9,13,30,139,213,306,11.05,5.76,3.76,5.19,170,127,51,84,160,20,18,0,0,-2,0,0,0
842,Trent Frederic,24-25,BOS,C,57,788.22,8,4,3,15,74,115,164,10.13,10.81,6.96,8.81,29,32,12,152,67,12,6,4,4,-6,93,119,-26
843,Trevor Lewis,24-25,L.A,C,60,612.85,6,2,4,12,53,94,114,5.32,11.32,6.38,5.66,35,22,4,100,52,10,2,0,0,-8,93,105,-12
844,Trevor Moore,24-25,L.A,L,71,1198.75,18,9,13,40,153,246,322,20.54,11.76,7.32,8.35,29,46,23,71,62,8,13,0,0,5,1,11,-10
845,Trevor Van Riemsdyk,24-25,WSH,D,82,1447.57,1,9,11,21,80,133,215,3.23,1.25,0.75,2.43,151,57,25,10,53,12,4,0,0,-8,0,0,0
846,Trevor Zegras,24-25,ANA,C,57,971.23,12,13,7,32,98,154,197,11.78,12.24,7.79,7.65,27,51,13,50,34,9,5,1,1,-4,68,118,-50
847,Tristan Luneau,24-25,ANA,D,6,99.33,0,0,0,0,6,10,16,0.24,0,0,2.4,9,6,1,5,5,1,0,0,0,-1,0,0,0
848,Troy Stecher,24-25,EDM,D,66,915.65,3,3,1,7,55,81,133,1.95,5.45,3.7,2.41,66,50,11,34,114,11,2,1,1,-9,0,0,0
849,Troy Terry,24-25,ANA,R,77,1451.38,21,16,18,55,188,276,368,26.06,11.17,7.61,9.44,29,68,22,7,76,10,29,0,0,19,12,20,-8
851,Ty Emberson,24-25,EDM,D,76,1148.57,2,7,4,13,62,94,154,1.93,3.23,2.13,2.05,97,47,32,123,198,4,8,2,2,4,0,0,0
852,Ty Smith,24-25,CAR,D,8,109.32,1,1,0,2,14,19,26,0.54,7.14,5.26,2.84,5,3,1,2,5,2,0,0,0,-2,0,0,0
853,Tye Kartye,24-25,SEA,L,63,609.9,6,3,4,13,55,81,113,5.58,10.91,7.41,6.89,29,24,4,175,51,19,25,1,1,6,3,12,-9
854,Tyler Bertuzzi,24-25,CHI,L,82,1312.23,23,15,8,46,131,213,246,24.79,17.56,10.8,11.64,28,53,20,59,62,13,21,1,0,7,22,25,-3
855,Tyler Johnson,24-25,BOS,C,9,117.7,0,1,1,2,6,10,16,0.38,0,0,3.8,2,2,0,5,9,5,3,0,0,-2,7,4,3
856,Tyler Kleven,24-25,OTT,D,79,1142.78,4,3,3,10,78,114,189,2.92,5.13,3.51,2.56,97,64,30,104,181,11,11,1,1,0,0,0,0
857,Tyler Motte,24-25,DET,C,55,622.1,4,4,1,9,66,97,134,8.52,6.06,4.12,8.78,48,31,16,72,54,3,11,0,0,8,60,85,-25
858,Tyler Myers,24-25,VAN,D,71,1476.22,6,9,9,24,87,154,233,5.43,6.9,3.9,3.53,125,61,31,86,81,27,6,2,1,-22,0,0,0
859,Tyler Seguin,24-25,DAL,C,20,322.98,9,8,4,21,46,67,93,8,19.57,13.43,11.94,6,13,4,5,8,2,1,0,0,-1,92,82,10
860,Tyler Toffoli,24-25,S.J,C,78,1320.5,30,13,11,54,233,317,410,29.02,12.88,9.46,9.15,32,52,18,54,39,7,19,0,0,12,13,11,2
861,Tyler Tucker,24-25,STL,D,38,553.85,3,1,3,7,34,52,98,1.06,8.82,5.77,2.04,39,28,13,81,80,10,3,7,7,-7,0,0,0
862,Tyson Barrie,24-25,CGY,D,13,205.42,1,2,0,3,19,25,40,0.64,5.26,4,2.56,12,11,2,10,12,2,1,0,0,-1,0,0,0
863,Tyson Foerster,24-25,PHI,R,81,1365.87,25,9,9,43,140,219,285,20.41,17.86,11.42,9.32,54,41,16,75,89,17,17,1,1,0,0,2,-2
864,Tyson Jost,24-25,CAR,C,39,404.55,4,1,4,9,43,60,76,4.54,9.3,6.67,7.57,17,9,6,46,45,9,8,1,1,-1,57,69,-12
865,Tyson Kozak,24-25,BUF,C,21,220.28,3,1,1,5,11,27,35,3.05,27.27,11.11,11.3,23,10,2,26,18,1,4,0,0,3,67,78,-11
866,Urho Vaakanainen,24-25,ANA,D,5,67.98,0,0,1,1,3,8,12,0.28,0,0,3.5,7,4,1,0,8,1,1,0,0,0,0,0,0
867,Urho Vaakanainen,24-25,NYR,D,46,768.97,2,6,7,15,39,64,95,1.75,5.13,3.12,2.73,42,36,9,19,68,8,7,0,0,-1,0,0,0
868,Uvis Balinskis,24-25,FLA,D,76,1128.58,4,7,7,18,92,130,198,3.64,4.35,3.08,2.8,55,49,23,83,117,11,13,1,1,2,0,2,-2
869,Valeri Nichushkin,24-25,COL,R,43,848.75,21,6,7,34,118,170,212,19.46,17.8,12.35,11.45,21,42,7,55,39,4,4,0,0,0,3,3,0
870,Valtteri Puustinen,24-25,PIT,R,13,128.6,2,1,0,3,8,11,16,1.08,25,18.18,9.82,5,4,3,10,5,2,1,0,0,-1,0,0,0
871,Vasily Podkolzin,24-25,EDM,R,82,1083.68,8,6,10,24,114,170,206,14.39,7.02,4.71,8.46,53,55,20,209,92,14,13,2,2,-1,14,43,-29
872,Vasily Ponomarev,24-25,PIT,C,7,70.2,0,0,0,0,8,10,13,0.29,0,0,2.9,2,4,3,5,9,1,0,0,0,-1,14,13,1
873,Victor Hedman,24-25,T.B,D,79,1823.3,15,26,25,66,181,304,475,13.98,8.29,4.93,4.6,133,119,25,39,81,16,7,0,0,-9,0,0,0
874,Victor Mancini,24-25,NYR,D,15,226.37,1,2,2,5,20,26,35,0.74,5,3.85,2.85,20,20,1,14,27,1,0,0,0,-1,0,0,0
875,Victor Mancini,24-25,VAN,D,16,248.07,1,0,3,4,7,19,37,0.5,14.29,5.26,2.63,21,9,2,24,30,4,2,0,0,-2,0,0,0
876,Victor Olofsson,24-25,VGK,L,56,811.85,15,10,4,29,109,155,211,10.62,13.76,9.68,6.85,19,25,8,26,54,8,5,0,0,-3,1,6,-5
877,Viktor Arvidsson,24-25,EDM,L,67,1004.73,15,9,3,27,158,223,301,17.31,9.49,6.73,7.76,23,67,15,32,100,12,8,0,0,-4,17,35,-18
878,Ville Heinola,24-25,WPG,D,18,255.38,0,0,1,1,12,26,38,0.46,0,0,1.77,16,15,7,8,28,2,3,0,0,1,0,0,0
879,Ville Koivunen,24-25,PIT,R,8,144.92,0,3,4,7,15,22,30,1.79,0,0,8.14,8,6,3,1,11,2,2,0,0,0,1,0,1
880,Vince Dunn,24-25,SEA,D,62,1368.83,11,12,16,39,137,185,321,7.44,8.03,5.95,4.02,79,79,25,29,68,14,13,1,1,-1,0,0,0
881,Vincent Desharnais,24-25,PIT,D,10,144.07,0,0,0,0,7,18,25,0.39,0,0,2.17,20,4,0,19,7,2,2,0,0,0,0,0,0
882,Vincent Desharnais,24-25,S.J,D,7,124.73,0,0,0,0,1,1,4,0.02,0,0,2,15,6,0,14,9,1,1,1,1,0,0,0,0
883,Vincent Desharnais,24-25,VAN,D,34,543.07,0,0,3,3,20,39,63,0.49,0,0,1.26,48,30,3,54,47,12,6,2,2,-6,0,0,0
884,Vincent Trocheck,24-25,NYR,C,82,1730.13,26,17,16,59,202,317,380,30.7,12.87,8.2,9.68,78,95,33,213,94,17,25,2,2,8,910,624,286
885,Vinni Lettieri,24-25,BOS,C,26,351.48,3,2,0,5,53,82,96,6.71,5.66,3.66,8.18,16,6,10,60,23,3,4,0,0,1,11,11,0
886,Vinnie Hinostroza,24-25,MIN,C,25,344.62,5,0,3,8,37,56,68,5.88,13.51,8.93,10.5,7,19,7,28,25,2,2,0,0,0,6,9,-3
887,Vinnie Hinostroza,24-25,NSH,C,13,150.02,0,1,1,2,11,26,36,1.07,0,0,4.12,5,12,1,13,17,3,3,0,0,0,1,1,0
888,Vladimir Tarasenko,24-25,DET,R,80,1183.03,11,12,10,33,133,199,281,15.79,8.27,5.53,7.93,35,61,16,63,76,4,11,0,0,7,0,2,-2
889,Vladislav Gavrikov,24-25,L.A,D,82,1893.53,5,9,16,30,112,168,284,6.75,4.46,2.98,4.02,140,69,22,49,101,15,7,0,0,-8,0,0,0
890,Vladislav Kolyachonok,24-25,PIT,D,12,171.92,0,1,1,2,8,12,20,0.47,0,0,3.92,12,9,2,13,9,4,0,0,0,-4,0,0,0
891,Vladislav Kolyachonok,24-25,UTA,D,23,283.52,2,2,1,5,12,21,37,0.6,16.67,9.52,2.86,19,23,4,13,31,1,0,0,0,-1,0,0,0
892,Vladislav Namestnikov,24-25,WPG,C,78,1177.27,11,9,18,38,94,136,167,17.25,11.7,8.09,12.68,49,38,15,84,109,14,14,0,0,0,365,426,-61
893,Walker Duehr,24-25,CGY,R,16,140.82,0,1,0,1,9,14,22,0.98,0,0,7,12,6,0,28,15,0,0,0,0,0,1,7,-6
894,Walker Duehr,24-25,S.J,R,8,70.47,2,0,0,2,6,10,11,1.22,33.33,20,12.2,3,6,0,21,2,0,0,0,0,0,0,1,-1
895,Warren Foegele,24-25,L.A,L,82,1325.95,24,11,11,46,199,297,370,27.14,12.06,8.08,9.14,40,67,33,74,92,12,14,0,0,2,23,36,-13
896,Will Cuylle,24-25,NYR,L,82,1236.18,20,13,12,45,152,223,275,21.53,13.16,8.97,9.65,50,48,9,300,79,16,10,2,2,-6,10,23,-13
897,Will Smith,24-25,S.J,C,74,1173.1,18,20,7,45,128,187,277,13.26,14.06,9.63,7.09,16,73,13,13,41,9,6,0,0,-3,65,113,-48
898,William Borgen,24-25,NYR,D,51,932.83,4,4,5,13,57,82,128,2.03,7.02,4.88,2.48,80,53,16,74,108,9,7,1,1,-2,0,0,0
899,William Borgen,24-25,SEA,D,33,501.72,1,0,1,2,24,45,83,0.74,4.17,2.22,1.64,37,20,6,48,71,2,6,1,1,4,0,0,0
901,William Eklund,24-25,S.J,L,77,1505.53,17,28,13,58,151,245,324,23.29,11.26,6.94,9.51,46,75,15,54,73,7,21,1,1,14,11,25,-14
902,William Karlsson,24-25,VGK,C,53,901.75,9,14,6,29,119,182,242,14.05,7.56,4.95,7.72,37,50,14,20,66,2,8,0,0,6,411,296,115
903,William Lagesson,24-25,DET,D,7,101.98,0,0,1,1,5,7,10,0.12,0,0,1.71,7,7,0,6,10,2,1,0,0,-1,0,0,0
904,William Nylander,24-25,TOR,R,82,1599.72,45,23,16,84,255,355,470,33.49,17.65,12.68,9.43,27,79,28,14,58,13,14,0,0,1,76,77,-1
905,Wyatt Johnston,24-25,DAL,C,82,1551.92,33,25,13,71,202,298,389,34.86,16.34,11.07,11.7,47,57,29,45,96,7,12,0,0,5,465,444,21
906,Wyatt Kaiser,24-25,CHI,D,57,1032.57,4,2,2,8,66,91,127,2.13,6.06,4.4,2.34,93,60,23,52,130,7,9,0,0,2,0,0,0
907,Yakov Trenin,24-25,MIN,C,76,951.25,7,5,3,15,85,141,178,11.28,8.24,4.96,8,32,51,12,238,92,17,18,2,2,1,21,27,-6
908,Yanni Gourde,24-25,SEA,C,36,557.75,6,4,7,17,40,67,87,7.68,15,8.96,11.46,26,23,11,59,41,8,7,2,2,-1,191,185,6
909,Yanni Gourde,24-25,T.B,C,21,356.92,1,7,6,14,35,60,67,6.33,2.86,1.67,10.55,10,15,5,50,25,3,1,2,2,-2,76,86,-10
910,Yegor Chinakhov,24-25,CBJ,R,30,471.67,7,5,3,15,68,104,140,6.41,10.29,6.73,6.16,10,18,4,47,18,2,4,0,0,2,0,0,0
911,Yegor Sharangovich,24-25,CGY,C,73,1215.92,17,10,5,32,128,204,289,16.8,13.28,8.33,8.24,31,51,17,14,65,4,6,0,0,2,146,171,-25
912,Zac Jones,24-25,NYR,D,46,793.58,1,4,6,11,51,86,118,3.08,1.96,1.16,3.58,46,40,16,28,67,12,4,0,0,-8,0,0,0
913,Zach Aston-Reese,24-25,CBJ,C,79,1062.13,6,6,5,17,99,139,190,13.32,6.06,4.32,9.58,58,42,11,178,64,11,11,1,1,0,2,7,-5
914,Zach Benson,24-25,BUF,L,75,1111.38,10,14,4,28,120,185,212,19.28,8.33,5.41,10.42,29,41,19,35,82,25,27,0,0,2,4,17,-13
915,Zach Bogosian,24-25,MIN,D,81,1280.37,4,6,6,16,79,122,198,2.27,5.06,3.28,1.86,80,68,22,81,57,19,4,1,1,-15,0,0,0
916,Zach Hyman,24-25,EDM,L,73,1378.17,27,12,5,44,205,306,369,41.6,13.17,8.82,13.59,24,43,14,58,95,16,18,0,0,2,2,3,-1
917,Zach Werenski,24-25,CBJ,D,81,2166.37,23,32,27,82,298,434,638,21.08,7.72,5.3,4.86,131,120,49,19,133,13,14,1,1,1,0,0,0
918,Zach Whitecloud,24-25,VGK,D,74,1295.62,4,5,4,13,72,111,194,3.25,5.56,3.6,2.93,103,74,14,116,188,11,11,1,1,0,0,0,0
919,Zachary Bolduc,24-25,STL,C/R,72,922.28,19,7,10,36,119,183,244,13.38,15.97,10.38,7.31,36,59,17,108,77,11,12,1,0,0,5,9,-4
920,Zachary L'Heureux,24-25,NSH,L,62,746.6,5,5,5,15,78,127,151,12.55,6.41,3.94,9.88,25,33,14,198,77,14,10,5,5,-4,0,4,-4
921,Zack MacEwen,24-25,OTT,R,21,162.98,2,0,1,3,26,35,47,1.92,7.69,5.71,5.49,7,7,3,49,17,3,3,3,3,0,6,8,-2
922,Zack Ostapchuk,24-25,OTT,C,43,401.27,1,1,2,4,20,35,43,2.46,5,2.86,7.03,11,13,7,86,47,8,8,2,2,0,85,88,-3
923,Zack Ostapchuk,24-25,S.J,C,13,126.22,0,0,0,0,6,9,10,1.08,0,0,12,10,6,1,24,9,2,2,1,1,0,52,57,-5
